date,category,region,keyword,title,source,url
2026-09-30,Nimitykset & organisaatiomuutokset,Tunnistetaan myöhemmin,nimitetty toimitusjohtajaksi,Jon Lind on nimitetty Terratechin ja Steelwristin uudeksi toimitusjohtajaksi - Konepörssi.com,Konepörssi.com,https://news.google.com/rss/articles/CBMisgFBVV95cUxQeXZxR3BhNHFVZ1EwZnV2WDRiaEppWkRPTzQ5WHNqTDMwZmdDN0pXUS1yQnl3T1FMczMxNGdka0FxaXg3UVBBZXpsZUc4VlI2d29BSGRjdUxKcUo4ZFNqQkt0QURXRm12RWk5cjlmV1dfQlIydGFLa1lrcHBPRXRnZnF3aDFnRTc2cEs0cGtWdGdYOUJVdnFxaFRGV3dkOU9KWm5yRmpaX0hDeDE3ZjhydGpR?oc=5
2026-09-30,Nimitykset & organisaatiomuutokset,Tunnistetaan myöhemmin,nimitetty toimitusjohtajaksi,Daniel Nordholm on nimitetty AddSecuren uudeksi toimitusjohtajaksi - Cision News,Cision News,https://news.google.com/rss/articles/CBMivAFBVV95cUxNTUhBNTFhbEZNdzhfbHJpSWE5TzdpY1Q2N3N3N2w3MlBmRVBYOWxrVmxURGZ6ZTBFUGhSMUM2c2RadWRzNENlclFzRXZNN0ZuYXRVNzZJektTVFdPRFhhRWQ2THEtRFVTQmc0UzF4d2V6ckVyQWlMS1l3VkdJMkN3aXcteFBybjBhSWFfLTFuV1ZzMkVXR25kS19JYzN0U2F4TXdkUnVxNm5COFV3bUpfNmkwdnBNZk5MNnNYeA?oc=5
2026-09-30,Nimitykset & organisaatiomuutokset,Tunnistetaan myöhemmin,nimitetty toimitusjohtajaksi,"Olarin Panimon uusi toimitusjohtaja on Timo Ahokanto, jonka toivotaan vievän panimon seuraavalle tasolle - Avecmedia.fi",Avecmedia.fi,https://news.google.com/rss/articles/CBMiowFBVV95cUxPQjBsWF96SEszRG9Cc2NjblBhOFJsX2VBc0dyMzQ3bjlBUTVRbFI2TjBSYTlhN01SYVp5SkZNUGx6Vmg4LXFlQ3BPU3R0ejA3X1lFQ3dGWE9lTzhBZVlrRUdOS0luTjhnaUxqWXVvUGU3M2FDVkc0bE80X0JzRVVPdEhvWU5qSjlCU0d5bnJXUzA2eVJjUVlReVhjbnhGbW13aDBZ?oc=5
2026-09-30,Nimitykset & organisaatiomuutokset,Tunnistetaan myöhemmin,nimitetty toimitusjohtajaksi,Immo Salonen Profinderin ja Lianan toimitusjohtajaksi - MarkkinointiUutiset,MarkkinointiUutiset,https://news.google.com/rss/articles/CBMioAFBVV95cUxQeXhjeFY0U3luZVhyZjJraWhyWVRLa3FqUVI4ZEtKc0hkRXNnTEFGU1Z3Sk9YWjRVOTBsUDJLWHBOcWxQZHRhYjRfTzFSRG03WkVWb0hzN3BiTlBKMTBCeFVrV3JOTlBCVjdxWlpjRndoYUx4WkZQOE92S3RiclhiYlNhNFZ0eDN5NEpRU2FyRE1VRjdDbnNWalhqSXZuaHln?oc=5
2026-09-30,Nimitykset & organisaatiomuutokset,Tunnistetaan myöhemmin,nimitetty toimitusjohtajaksi,Mervi Ryynänen mikkeliläisen Observis oy:n toimitusjohtajaksi - Länsi-Savo,Länsi-Savo,https://news.google.com/rss/articles/CBMiWEFVX3lxTFB1ZGlEdklidUlQNHJmTTBWcHY5TzRVc1AycUg2Yml3c0Rkdk5wTTV0eEg3MmtSeVEwTk5hN1dUZ0Q2WXJxRnNLSzdOOHNaY1QwMENDSmxPYWY?oc=5
2026-09-30,Nimitykset & organisaatiomuutokset,Tunnistetaan myöhemmin,nimitetty johtajaksi,Fresh Servant Group vahvistaa johtamista Ruotsissa – Sami Haapasalmi myös Bosphorus AB:n toimitusjohtajaksi - STT Info,STT Info,https://news.google.com/rss/articles/CBMigwJBVV95cUxPamZGVGFBRTdpRVE4OFp2VGVvYnZ6QzNqMlFmVGk3UmxOWDFHc0RQZ0M2OU5DaFlQUUlIVGotSFEycXViQXNVLTI2SVl4ZzNKaDFfMjBfSXp2RloxaDBsWmttYjFzS1VHbW42c0s3RFk0dnhzTE11VW1Cb0dyUndlQ1prX0UwMnZUclhyYlp0anBPOUZLMjVSUzA1Ym5fNnQzclRpQTRXSDNqdFFoNEVKOXE5ZEpxRHhWOVlfYUZJVGhhcnlSTDRBX0xZbmZ2NVlmY3BTNDRrLW9UUW15S3ZvbGVZSUEyTGRXWE1mMHdyMnJtS0Y3RW4tbzVLRHZTSHM1UEZJ?oc=5
2026-09-30,Nimitykset & organisaatiomuutokset,Tunnistetaan myöhemmin,nimitetty johtajaksi,Luong Hoang Thai on nimitetty teollisuus- ja kauppaministerin varaministeriksi. - vietnam.vn,vietnam.vn,https://news.google.com/rss/articles/CBMifkFVX3lxTE9iRW1xeHVEeUhpMGUwSGV0blZrMlpsWlBZcVgtbW5fNDNCc1oxVUJ1YzROTzdpR1pqUmRxYmEyeVk3M3gtLWNXSloybGNsNjA1WDJWYl8xMDAwN2xRR0JRQjhxUGJBb1p6MVRaemJHekI3R2IzbFhDdzc1cGczQQ?oc=5
2026-09-30,Nimitykset & organisaatiomuutokset,Tunnistetaan myöhemmin,aloittaa toimitusjohtajana,"Hän on Olarin Panimon uusi toimitusjohtaja – ""Olen todella innoissani"" | Paikalliset - Helsingin Uutiset",Helsingin Uutiset,https://news.google.com/rss/articles/CBMiYEFVX3lxTFA0QlprYTY3NkhFZ25WVERRR3pRM0JwOXZtalU5UlV6SXZNODRCMGVfSngzY1htd01QcnV5bVUtbE9UNnp2YkFfRzBZaHZkRTRhbGNaZ182Unl2VGN3bDR0dw?oc=5
2026-09-30,Nimitykset & organisaatiomuutokset,Tunnistetaan myöhemmin,aloittaa toimitusjohtajana,Arekin uusi toimitusjohtaja johtaa työeläkealan suurinta IT-uudistusta - tyoelakelehti.fi,tyoelakelehti.fi,https://news.google.com/rss/articles/CBMiX0FVX3lxTE5mVGxfOWNLMXd3Zng3bjF4czFEUDZMM0ZKSDBOaloyWklwQy1wN2JPVHdTZzRwOVhpWDdfcFVqcUtlem13VEVYYTFMZ19HZnZWbmlieU81UU1YRXE4V29F?oc=5
2026-09-30,Nimitykset & organisaatiomuutokset,Tunnistetaan myöhemmin,aloittaa johtajana,Circulation ostaa Piharatamo Oy:n liiketoiminnan - Konepörssi.com,Konepörssi.com,https://news.google.com/rss/articles/CBMikAFBVV95cUxPNjFsbm5xeUdnREs3THpWRk90Rm11cXgzVFdSdkF2UDdXS1BLSFBvWXFIa3BuV2lOeFhqaEh2TWxHQ1BqejV6UkcteU1NTGt4bW13cEhPeDIwRm5TQ0duNm5SYXBaSXJGMTVjb3lqREFEejJ1X1dOSzlacnpPTzB6R1B2QW11U3E3SWNCSG9USFU?oc=5
2026-09-30,Nimitykset & organisaatiomuutokset,Tunnistetaan myöhemmin,aloittaa johtajana,"Hyvinvointialueen johtaja katui eroaan nopeasti, mutta Keski-Suomi etsii jo hänelle seuraajaa - Yle",Yle,https://news.google.com/rss/articles/CBMiQkFVX3lxTFBDb2ppOGtNbnY5TFhrMVhESlM5SGYzVURqcUtRNHhXN3FCMzZaNXozc1A4eFNGUU50eWo4WkNzTXFTdw?oc=5
2026-09-30,Nimitykset & organisaatiomuutokset,Tunnistetaan myöhemmin,aloittaa johtajana,Euroopan keskuspankki | Isabel Schnabelin lähtö kiihdyttää valtapeliä EKP:n huipulla - HS.fi,HS.fi,https://news.google.com/rss/articles/CBMiWkFVX3lxTE1QRUwxMUw1U0J3VjVlcmsyb3B0dEVwN0pON25XanQyWUtrdHdkN2NicnhPeUtVZmgta2IxMGNpMUtXMjRNSHNVekZteGVITWxTbHRha0lFMmRRdw?oc=5
2026-09-30,Nimitykset & organisaatiomuutokset,Tunnistetaan myöhemmin,aloittaa johtajana,Paavi Leo aloittaa vierailun Ranskaan - Etelä-Suomen Sanomat,Etelä-Suomen Sanomat,https://news.google.com/rss/articles/CBMiVkFVX3lxTE1TWHl1Y0FLcGl4aWpDMG1SYXlKUUlEWV95Ni1ISEJ1VHdhS0xWNHlINDY4SDRsaU9MTTJwdElLWGx5S3FQaHVHd0RTdWZVNVlIOGNzYnNn?oc=5
2026-09-30,Nimitykset & organisaatiomuutokset,Tunnistetaan myöhemmin,aloittaa johtajana,Hallintojohtaja Henriikka Mäkelä aloittaa tehtävässään marraskuussa - ePressi,ePressi,https://news.google.com/rss/articles/CBMixgFBVV95cUxPdXZDbUFyWEJTbW4tNmZ4U0JrNmo0RVV2bmk4cDNEMWREcFBrLWFpNlUxQi15aFN1YktwYVRLY29kU2plSld6U2VoUXB3X3pxUmcwWFZsaDVNQ3N0ZWlBLVcyT19ENV9jS05kV1NDQ0F4OERxRjVEOW1neEtpbTZhN0pKbmZoQy1JbnRDSkxRaWhkeTNLWGFFOWI4dzF0MExTR25NTVBDZmVqR1hrTDNFYkh3RmlFdVNOMVRkc1d4V192T2NSZUE?oc=5
2026-09-30,Nimitykset & organisaatiomuutokset,Tunnistetaan myöhemmin,uusi aluejohtaja,Uusi johtaja haluaa kehittää Konneveden tutkimusasemasta aiempaa avoimemman - Keskisuomalainen,Keskisuomalainen,https://news.google.com/rss/articles/CBMiUEFVX3lxTE9oOU55Z2d4Vl9BQ2VUU0dOZmNXQUlkNmhoZVlJUDM5RFhyVVI5bkRUVFlIdDF1THVTRk9NdUo4aUxqQU56SE4wOGJuN21ieXpI?oc=5
2026-09-30,Nimitykset & organisaatiomuutokset,Tunnistetaan myöhemmin,uusi aluejohtaja,Nato-johtaja: Tämä on Vladimir Putinin vaarallisin ase - Uusi Suomi,Uusi Suomi,https://news.google.com/rss/articles/CBMie0FVX3lxTFBDeVF1cWMtUVIzeTNuNGhCZldrUTRmUjdXTG1JVFh2MlItOElHLXVOT1hPeU5HUHFyY1ZNQTZfNklxSjNjRlA1aGVrVGZuV2pwYTRkNUtYSWlkV0VRME43dHFrZlNoSG9la0RUQi1LR2lpOWMtb3V0QUdUVQ?oc=5
2026-09-30,Nimitykset & organisaatiomuutokset,Tunnistetaan myöhemmin,uusi aluejohtaja,Henkilö | Porilainen Niko Kivinen johtaa Nordeaa crossfitin voimin – nyt henkilökuntakin treenaa yhdessä joka viikko - satakunnankansa.fi,satakunnankansa.fi,https://news.google.com/rss/articles/CBMicEFVX3lxTE5oQjRvN0pEcTJoOEpUcDFmb1c1OHdEeEY4RHRFNElVcmxBYW1UMmFPMWMxSWJ0X3RHUGd6OUViUFlaNWhETUZoOEhiWjJZdkJScXBVcm5CY3FIQW93ZDd3aHJRN3czdzhBWHRpLUlNMlI?oc=5
2026-09-30,Nimitykset & organisaatiomuutokset,Tunnistetaan myöhemmin,uusi aluejohtaja,Joku heistä on Kotkan uusi kaupunginjohtaja – haastattelukierrokselle jatkaa viisi ehdokasta - Yle,Yle,https://news.google.com/rss/articles/CBMiQkFVX3lxTE5MLW9lZW1rZFdwQlVqLVNiTlAtcVE2UTZvUTRVcWxLeE9EVko4UzM3Tm1DdmNOVDRmWWFsV3ZUZDZFQQ?oc=5
2026-09-30,Nimitykset & organisaatiomuutokset,Tunnistetaan myöhemmin,uusi aluejohtaja,Sport hankki uuden keskushyökkääjän – Oula Palveesta halutaan ykkösketjun johtaja - ilkkapohjalainen.fi,ilkkapohjalainen.fi,https://news.google.com/rss/articles/CBMilgFBVV95cUxQeDdMd0xkWGxaaEc0RTcwVFZtekZnOUY0dU9VbTMyTUVxdzJpckhWTE96M1M0dXhENEg1UEktV3RTeXhxT2xBSkx1NUtMY3N5SVVpWVNwVC1fOHdwM0lsR0FzOTJGd2JxdXU4UzN2VG03MzI4Y19rMjdjbkNLYi1acERRbkVCdkJ1RXVSWDVoOS0xSDQ3dFE?oc=5
2026-09-30,Nimitykset & organisaatiomuutokset,Tunnistetaan myöhemmin,uusi liiketoimintajohtaja,"Tampereen Työväen Teatterin johtaja lähtee, mutta seuraajaa ei ole vieläkään haettu – toimitusjohtaja kertoo miksi - Aamulehti",Aamulehti,https://news.google.com/rss/articles/CBMiZ0FVX3lxTFBfcVpFdWlJQVg1WFd3OUNJc2xyNE9PZHZaOTdnMW94cG1kQV92RHIwdHRubmY0bThMSHVxbGl1ak92RERzcDRmMjR0clpiRHFxWW9rcjRqUk9DS2FwZHBSSDVEWWlmaVk?oc=5
2026-09-30,Nimitykset & organisaatiomuutokset,Tunnistetaan myöhemmin,uusi kiinteistöjohtaja,Rovaniemen uuden pääpoliisiaseman rakentaminen etenee – rakennuksen peruskivi muurattiin tänään - STT Info,STT Info,https://news.google.com/rss/articles/CBMi9AFBVV95cUxOOFZqVXJkckYtU0N5TjliOW94RTFrZEZLRWxfTTVLR0YyMDF6Tl96ZHhhRDJ0RVNtMGdxTTZwSDljb3BRNnk5WGVNOEVWTWhWZmFkYUt1WGFzOTl0dXdMRVFLWTBKcVJqRTlXZTU3Zkx6a1YxdFZiU3dieExORkd0bExaZWxfTm4xOVp2Nk12OWhYVUZEMDljSDZYTThsZ2lIclhnOG9fanZuYzZIZm9YWlpLclAzWjh0cWs4VWtzREw1M2RJMFpwTUZtdTdlSWJHanlaM2NwZ3dGQldFRnRuclNMbTE4NDRHdERDOEhZbVh3SjFS?oc=5
2026-09-30,Nimitykset & organisaatiomuutokset,Tunnistetaan myöhemmin,vahvistaa johtoryhmää,Vietnamin historiallisen tiedeyhdistyksen kahdeksas kongressi: Vietnamin historiaa koskevan digitaalisen tietojärjestelmän asteittainen muodostaminen - vietnam.vn,vietnam.vn,https://news.google.com/rss/articles/CBMi0wFBVV95cUxNcmdTYUdqaEJfdl9EQmVKMWpWV2pEdEdXbU1RR0thY1JZOXFfc2h2aE5sMVdQS21NN0VUNDNoUEFmXzByRWUwT1Y1bHQ5WEx6VGZ5WUNhTVlaYnZqd3owY1hJNjhaNmQ4eVRseEl6dVFSMEhRYzlaS1paQURwX3hyeHcyTkRyWGJUX3Ntd0tHS29vMks3dFdBN3VoNjZLcmRVQnBNYXkxZVZEZ2J0cDBSbFFoU1c4SWwyanA0NVRtdmVvSDJvWUNiWlBNLU05RW96cnpJ?oc=5
2026-09-30,Nimitykset & organisaatiomuutokset,Tunnistetaan myöhemmin,rekrytoi johtajan,Hyvinvointialue maksoi johtajahausta yli 20 000 euroa – pian valinnan jälkeen alkoi kuulua huolestuttavia viestejä - Yle,Yle,https://news.google.com/rss/articles/CBMiQkFVX3lxTE53RmhGRkxiaTJyX29Gd3prb3BoNENwb1YtemlnNHAxMW43WHZjNkt6RG5Zb2x6UVN3bWMyUTdRXzdhdw?oc=5
2026-09-30,Nimitykset & organisaatiomuutokset,Tunnistetaan myöhemmin,rekrytoi johtajan,Kiuruveden tekniseksi johtajaksi pyrkii 46 henkilöä – Katso tästä ketä he ovat ja mistä he tulevat - Kiuruvesi-lehti,Kiuruvesi-lehti,https://news.google.com/rss/articles/CBMizwFBVV95cUxOY1VJd216UzRnRUJuQ3JmVU5xc3RTZlhhTU5CTGpJOHJ5YXk2VE8wVlFwOGlUVnVlMTBRaHUyNlBpMXE2Y0tWMTVJN0tkVGR3aGRpN19FOHZ0Wm95MmtkVDFaRXkzVzFMSVdyWG9wMmlVVUZJMmZBY0VKMktMVFlNNXlNU3pQNEpnSVN0MEotbDgyNFhtX1VycmxBZktEQVFabzFtSjM2Q3RlNlV5c25oSW5ZSmJzTmpiMVRWSWRYWkg2NDk3LVFQZng4SnppTHc?oc=5
2026-09-30,Nimitykset & organisaatiomuutokset,Tunnistetaan myöhemmin,rekrytoi johtajan,Toimitusjohtaja Nguyen Van Thanh: AVES etsii kumppaneita luomaan tulevaisuuden autoja vietnamilaisille. - vietnam.vn,vietnam.vn,https://news.google.com/rss/articles/CBMiugFBVV95cUxOalFGZGFMTC11ZjY4cDJDNkp4dFVvYmt4YTRSQlZoVjBMSW91N1ViVUF1VVBHbzlfS2V4WE1nREZaRmJWbkVtRURwVTFKMTZvb1Fidk1lWmpwOGxZUXdXX2xjVWJtT1JMbU00RnEzTXJ0RWdaOHlLdlh5RXFSXzlTU2dCLXhBdHFpZmdRck1PYzZXWWVGQlRZRlFzRlFseHBiRlNYQmRyRThmWmJhWlphMXFPcVB6ZW5DZ1E?oc=5
2026-09-30,Nimitykset & organisaatiomuutokset,Tunnistetaan myöhemmin,rekrytoi johtajan,Kaarinan kaupunginjohtajan rekry etenee – viisi hakijaa soveltuvuusarviointeihin - Yle,Yle,https://news.google.com/rss/articles/CBMiQkFVX3lxTE82U1lFb1NwNGtjUVh3ZklPMWlGQzhZS01DX2xuWUFWYjQ4Vjk1cHBJc2d4NjR6eXNHbWlrb2VsWTJtZw?oc=5
2026-09-30,Nimitykset & organisaatiomuutokset,Tunnistetaan myöhemmin,asset manager,Prevas signs six-year agreement with Lunera Energi for new maintenance management system - Inderes,Inderes,https://news.google.com/rss/articles/CBMivAFBVV95cUxPdzE1TWlXeThDNGNOWnd4b1BCZXlUTnpuQVRPSTU4b3ZzeDhYV2tVckJxVFUxUlktaEFMMDBrcDRUS0JtRDBFUlFVcWhtVTNjTVI1UFFJbkJwZXEtNldzcTg2bHFXdWhDSXZUV2lZTVQ0TEZqZ0xsdjUzbWhjTi1QWmxyUU9ILVFMZmVvWkR6VGF5MGE2UExXOG5BcVMzcTNGZ3dOeXJneWhQNHpNMlBiQmVQbVNwME5KRVFudQ?oc=5
2026-09-30,Nimitykset & organisaatiomuutokset,Tunnistetaan myöhemmin,asset manager,"Certified Human Leader, syksy 2027 - Keskuskauppakamari",Keskuskauppakamari,https://news.google.com/rss/articles/CBMid0FVX3lxTE1FZVZlaHBZZVF5WXVfbGwzYWZReE16REJ6VUo1RUpRNEVlWFliTFRqSDZMVzhtWFFUZFZXQWNubzU4OG43YnNsMndGa1ZKakJsMS1UbF9UbHNpbXNDUkdURGVkTmtMT3k3bUMycHVxSlY2ZlAyajhr?oc=5
2026-09-30,Nimitykset & organisaatiomuutokset,Tunnistetaan myöhemmin,country manager,Yritysten pankkipalvelujen lakiuudistus vähentäisi kilpailua entisestään - Kauppalehti,Kauppalehti,https://news.google.com/rss/articles/CBMifkFVX3lxTE9yWGpFNzBoSnk4SndlZ0VfQ20zVXRyQVRPX2U5cFVWQjNrc3ZJM3Z4MnNNdVUzRXR0U2M1SEZwX1VvWjFmTnh6aHVWN1NSeXlvRGIzeHVwS0RIV1d2MWtfTFZNYWZkOXFUaDRZd1NiXzA4c05Uck9STE9TU2pxZw?oc=5
2026-09-30,Nimitykset & organisaatiomuutokset,Tunnistetaan myöhemmin,country manager,The renovation of Linnansuontie has started this week. - Imatran kaupunki,Imatran kaupunki,https://news.google.com/rss/articles/CBMilwFBVV95cUxOS2lxUUFKaTItc1hONFBLSmdtb0E1NmpFY0dtRGVadmpoTFBiS3J6Q1REeTIxV01OeDdTS2pqZXhCdUNMb3BRMlRRTW1kdkxRQXF0V1ZGWG5wcE9WU3NFWVZQMDg4aW1YdmVxbHBBY1NWSGxuTWRkN2ZPX1haWWl0LTBPTG8tSEE0Z2QzUmVjWVE2OENGZGhV?oc=5
2026-09-30,Nimitykset & organisaatiomuutokset,Tunnistetaan myöhemmin,country manager,Pilvilaskennasta ja tekoälystä Vietnamin teknologiseen mestaruuteen. - vietnam.vn,vietnam.vn,https://news.google.com/rss/articles/CBMiogFBVV95cUxNUEFkUHVzTElPU3A0aUhteHJIaGg3NXNmMWNUNmFpTHhvX3FRNVRWeHBPUHNMOEZYNFV6SWszNXlwcVNFR3FYM24wYUxXZW1jalhTbVMtZFJYOHEzU2NHOW1KNHV0MVpjTE9TMFNRcnZpOU5Cb1pxRmNjT2oxSHd1ODYzM3RqaUxROEdMRUtlYmFYRGFNQUlDd0hZaWN0TlMwclE?oc=5
2026-09-30,Investoinnit & transaktiot,Tunnistetaan myöhemmin,investoi,Finnfoam investoi uuteen tehtaaseen Ruotsissa - ”Rahti- ja kuljetuskapasiteetista on ollut ajoittain niukkuutta” - Rakennuslehti,Rakennuslehti,https://news.google.com/rss/articles/CBMi3gFBVV95cUxNalVncXZxMmVYZWZhc1ZWSWZGeTlaMF9wVTRTNEFqdzNZajM4QXF0d2FONVFrUHZZb0RhcGlIV1dzanJZRG83cGNMOC1UNjNrUUh1ZzJheXdwWXllaUdvWnMyWUQ0djFKQXowUEJZVmFrX1RCaXRrYXFHSzc4VS1rcFBrNTlpLThjX3cxX0hVUTVOUk9qYUNwVndYVXhiNVpNUHBlcWRmQ3o0cmV1MjdySzVMT214Nm1Kb1VKOEd4MlM5bjBweExqbEZfYUhjZHRDeF81dW9YUDUydTFtVHc?oc=5
2026-09-30,Investoinnit & transaktiot,Tunnistetaan myöhemmin,investoi,"Kauppa investoi jälleen – uusia myymälöitä, kansainvälistymistä ja miljardiluokan kasvuhankkeita - Kaupan liitto",Kaupan liitto,https://news.google.com/rss/articles/CBMizwFBVV95cUxNTVl1S1Q4Zm1jZ3ROZXFiUXVid01lRTJHTHU1ZERROWxLTGJSSUNYaEItX1c3R3Y5Yk1GRm1JVTFNQkV5TkVkQVZ1bGRBbWVscUsySUhxQmtWLTBJQmNaNjhUTkhMYUtVY1hpSGlEQ1lGWnp6OHBMTVFNcW1obk9ZZGJQMEpmbG0wcHk4YnlrY1FRTVZIY3ZTWnoybFZMTFZwdXV5RkM1b3g5cUlxYU9qcGxIME9FSFpqRUpBUFR5aFhZdDcyeXBfMFcwN0E3WVE?oc=5
2026-09-30,Investoinnit & transaktiot,Tunnistetaan myöhemmin,investoi,"ITA Nordic investoi lähes neljä miljoonaa euroa Ruokolahdella – ""Töistä ei pulaa ole"" - Etelä-Saimaa",Etelä-Saimaa,https://news.google.com/rss/articles/CBMiVEFVX3lxTE1ZbDNab1l0elVaLWlEWmZwbHdhMmd3UFp0TmJRcjZ4UDltUy1GcmUzSW9WenFpVDBreVZBaUJSekxTTVJOQ0E4THRHYjFFY0dhbXY1eg?oc=5
2026-09-30,Investoinnit & transaktiot,Tunnistetaan myöhemmin,investoi,Oulu investoi jälleen ennätyksellisen paljon ja velkaantuu – Sopeutustoimien uskotaan kuitenkin purevan - Kaleva,Kaleva,https://news.google.com/rss/articles/CBMiiAFBVV95cUxQTW9oUXMzXzVJb2hlZlNkRHJ6bWJwcDF4RTJEbnA5eXpyck04STQxbUdRWVp0SS00ZWZXSFAyZDZrendDX3E3WlhYb2x6MVNwY1p3b09lR1FjM0Z0NVhMcEx4aEdlSmNQUERpUDFQTkRSSWJfa3FNclVMVmtoVGdwMnpjSGNDMHhm?oc=5
2026-09-30,Investoinnit & transaktiot,Tunnistetaan myöhemmin,investoi,Pohjois-​Karjalan hyvin­voin­tialue investoi ensi vuonna yli 50 miljoo­nalla eurolla - Karjalainen,Karjalainen,https://news.google.com/rss/articles/CBMiWkFVX3lxTE1mQThWQUM5aXVsM0JNejFGU1J5TWNpZ05RN1YtY0ZoUmhia0dMN0JlNGFmVWYxNHdsMDFlZVI1Q1lNR3VaY1RDQ1Q5djdTQmJzSkcxT3FoMUl1UQ?oc=5
2026-09-30,Investoinnit & transaktiot,Tunnistetaan myöhemmin,investointi,Suomeen nousee jättimäinen akkuvarasto – Tällainen on 65 miljoonan euron investointi - Uusi Suomi,Uusi Suomi,https://news.google.com/rss/articles/CBMijAFBVV95cUxPT3FOVXZEazZvRFM3c0lKVmNKc3d3TWUzdmJ6U1dRYXJINTlSbnJYS1FqdjZEaUVEX19uSmRtRzZiUGhHYjlmNUxCSlNMc05WT0thbkxlZ29VSHEtWlRlUkZxaTdVMTFzeHdzNUc3Y2toay1RT1ZTQVFhbk1VT05ERm5mS2x1UWctZUhkYw?oc=5
2026-09-30,Investoinnit & transaktiot,Tunnistetaan myöhemmin,investointi,"Googlen investointi heilauttaa Suomen kansantaloutta ylöspäin, vaikka leijonanosa investoinnista valuu ulkomaille: ”Kainuu tässä eniten voittaa” - Kainuun Sanomat",Kainuun Sanomat,https://news.google.com/rss/articles/CBMi1gFBVV95cUxPMGdPZUFybVR1Sy14dFpNYjJKel9WUW0yTDhFaEZTOEhYMm5PTlA3UEo4RzVUajB4OG53b2hNaDNlXzJReEhIejJuV0pTWktCLVR6SWVMa3Iya2szaFJydS16VWRRdEVsZHppQzVBR2d3RWhaVGx6M2pYOHhzT1d6cGExUXZWbG9kb0V3MXdqNlB3VmRuNXUtcXlxYVRlb3pHdnFoVm5mMGFuLUZ4azVvdmZiUmFFMHUxUVN1RDczMS1CRERySTFDVWM2NG5fMVpfTlpLMVJB?oc=5
2026-09-30,Investoinnit & transaktiot,Tunnistetaan myöhemmin,investointi,Googlen investointi lupaa työtä ja elinvoimaa - Reimari,Reimari,https://news.google.com/rss/articles/CBMiggFBVV95cUxPZTlTWWxuLTFfT3ZqVlczZTBsMmRZZnRNU1AzQWs1TzBKR21ZWlZETzdCNEFVTVJmMzk5U3RiZ05ndEZZOGs4SWExckRETFVpOVZadzdaVTUxOVZWdmVCclFkOHkwLTU4amhjcUFVQng0cF91bUVMSGU5X1BWS3RyaDZ3?oc=5
2026-09-30,Investoinnit & transaktiot,Tunnistetaan myöhemmin,investointi,Mahdi: Liikunta ja liikkuminen ovat investointi terveyteemme - STT Info,STT Info,https://news.google.com/rss/articles/CBMixwFBVV95cUxOZFhzQUxiclo5WlV0YTI1dmxROEpFWnZFc0FjRVF5T0h5eTY5R3FVWmYyejBVNjlraFBBV0ktV1I1QkNhSHlua2VzVzZvbUJORFlwekpjRDROTHlWUFh6S09lOUhpSm51N1FUZjZlMDd0YzNIMk51MWZ6Y05FMmxJSVc4Z2psRlVHcC1MaGRuX1JCVWdaWlJqUVVfTlJVT21MY21OaTFqTGtrMlZJR0g2UlBSZldkeGNhN2t4akVuaVFXSklkNDQ4?oc=5
2026-09-30,Investoinnit & transaktiot,Tunnistetaan myöhemmin,investointi,Trump mainitsi Suomen jälleen – kahdesti - is.fi,is.fi,https://news.google.com/rss/articles/CBMiXkFVX3lxTE9GaVlIWE5BdlpNYjRFMkJLWk5MWmVGVDFpQ0R5SWlLdWFxcEhvRnF1VGpkYW5IRkpmX01Lbm9qcmNsVzlhZ0EtX3RjeVdDNnpxTDM3ZUdIbGJoSHBzd1E?oc=5
2026-09-30,Investoinnit & transaktiot,Tunnistetaan myöhemmin,kiinteistösijoittaja,TE: Olympiavoittaja menetti luksushotellissa miljoona euroa – yksi asia painaa - Verkkouutiset,Verkkouutiset,https://news.google.com/rss/articles/CBMiqwFBVV95cUxQX3p6djhZUEI4MFlqRTNpeUlKbGFmUGotVng1NHlLS2l6SEZwSWRDWHJVMFY0bFh6TlRQNDlrd0YybkpzNVM3Z210YUcyZWgya3lwcGs0QjF3YXNiYzM5ZFJ1SEUxMXZzQmR2aDFQOFcyejZJbjAtRGVydlg4aUIzcWg0bVoyZXNaNWFyMkRQWXBKTnJtcFJDZ2NPNGZNV3doXzhIVExPMFNTdXM?oc=5
2026-09-30,Investoinnit & transaktiot,Tunnistetaan myöhemmin,kiinteistösijoittaja,"”Laitoin peliin kaiken” – Samppa Lajunen menetti Maria-hotellissa miljoona euroa, mutta se ei ollut pahinta - Talouselämä",Talouselämä,https://news.google.com/rss/articles/CBMifkFVX3lxTFB5V28zQi1jOFlISzM1bzVRRURZMTdlSGpPSGktd2RlNzNyMjlWWlVxNGxWZTVYYXJtbUN1RFNKeGhGZUthMk95amotQnMtbTNFdWFHSHhvVXMyMFgxVGFOaXp6NUlLX3A5bVdHQVNqTndJRVlzMklScThjcjRDdw?oc=5
2026-09-30,Investoinnit & transaktiot,Tunnistetaan myöhemmin,kiinteistökauppa,KHO: Lahti ei saa valittaa messuhallien kaupasta – nyt 20 miljoonan euron kauppa pitää purkaa osittain - Yle,Yle,https://news.google.com/rss/articles/CBMiQkFVX3lxTE5XZEFzS0lKdkZkSXFWOWFmcGs0QmhCdS03d0hPT09MOUpVUmxhTlVmMlNZMUtGYWFMbFMxazZhLW1jQQ?oc=5
2026-09-30,Investoinnit & transaktiot,Tunnistetaan myöhemmin,kiinteistökauppa,"Kutsu lehdistötilaisuuteen: Kiinteistömaailman 65. Barometri, erityisteemana etätyöntekijät asuntokaupoilla - STT Info",STT Info,https://news.google.com/rss/articles/CBMigwJBVV95cUxPUWRjX1o2Z0J2Q1daNUJBV3diR0xPNW0zVEszOF9jZ2owVFVJeFA4a0pDREtaeHptMDFUWEpWd1MxZHdxaEFYaG1neGxkZGhoMUpMZGpnNWVkWVBJQkw0YzhJV24zdV8wdUJMaEh3RTVud0RXVTR6dVVyUVlGLTlRY19wcVpORUF2WG9CTHVIa3ItTk1mQ2VoX1hQQnRRbk9ScEZOYzlvaV9aUldMa0V0Ukd4NEIwUUE1NnFUcDdOUWNFVFlTa2VMQTRzd0gtZUdnak5JQjV3UVA3U2ZVWGlOX3k3WHo3bVp5ck9HWVFTODl0MkEzZnFrSXJLTlI3Rkl1OEw4?oc=5
2026-09-30,Investoinnit & transaktiot,Tunnistetaan myöhemmin,kiinteistökauppa,Huutokaupan voittaja muutti mielensä – Hollolan kunta ostamassa Hämeenkosken ongelmatalon - Etelä-Suomen Sanomat,Etelä-Suomen Sanomat,https://news.google.com/rss/articles/CBMiT0FVX3lxTE5NWHREaFB4dThMX2s3SDNCTWE4RHltSzlCMGZwMlFheGl1QlFHbTByMDVXTmR6Q1hwUlJnbDZNNk5oQWN0TkFMNFpCSUhWdHM?oc=5
2026-09-30,Investoinnit & transaktiot,Tunnistetaan myöhemmin,kiinteistökauppa,Kiinteistöt | Kiikan seurakuntatalon pitkä myynti päättyy - Tyrvään Sanomat,Tyrvään Sanomat,https://news.google.com/rss/articles/CBMibEFVX3lxTE9EZUN4NTNaUE1vN2hQc1ZXLTRsLUZDQ0VmTzg4YzVsdWxkaEUyWTE0VEM3OU5jdUdSakhMbGRMb0R3ZHZWTmRmQXktdEY3Ml9OTmFHU2lRSzNGbjZjNWo5Q2swVGpnSF9PdmpiRA?oc=5
2026-09-30,Investoinnit & transaktiot,Tunnistetaan myöhemmin,kiinteistökauppa,"Pirkanmaalla myydään tänä vuonna yli 300 mökkiä: ""Kysyntä on selvästi piristynyt"" - Tamperelainen",Tamperelainen,https://news.google.com/rss/articles/CBMiXEFVX3lxTE5SMm5ZV2xLcFE4Wm9CRHVQUnRWZkJubHNhWllyRV9COF9MQ0pzdUxQOFJSSlQ0QWhVZVo1R0lmTElPWlZuMFI3cFN2YnMyekloY3JGSGVydFdhdzRu?oc=5
2026-09-30,Investoinnit & transaktiot,Tunnistetaan myöhemmin,yrityskauppa,KKV:n ehdot täyttyivät: Loihteen yrityskauppa toteutuu - Kauppalehti,Kauppalehti,https://news.google.com/rss/articles/CBMifkFVX3lxTE9LZER3Z2t2SG4wM0RraHJxcnoyaGFwMi1hVS1kc2MtSUh0eXhrSm1kZDBjcmZHLWt3YThNWU50eG1BM00yejNhbGl2X3Ric0tuRDllT190QVgzRkZFTDVWLWZtUkktZ0JreFRRLUItTHJyZVRTWEdtaGNKM3JNQQ?oc=5
2026-09-30,Investoinnit & transaktiot,Tunnistetaan myöhemmin,yrityskauppa,Kilpailu- ja kuluttajavirasto selvittää kilpailuvaikutuksia jätehuoltoyhtiöiden välisessä yrityskaupassa - Yle,Yle,https://news.google.com/rss/articles/CBMiQkFVX3lxTE9wQ2hZcGhzSFc3a1hnUmhDbk02UkNVaFExZUxfNkZGQS1mbGdOOHVncm5odzdzVk40aXpHMlFjV1JOQQ?oc=5
2026-09-30,Investoinnit & transaktiot,Tunnistetaan myöhemmin,yrityskauppa,Loihteen ja BLC Turvan yrityskauppa toteutuu – Kilpailu- ja kuluttajaviraston ehdot täyttyvät - Itä-Savo,Itä-Savo,https://news.google.com/rss/articles/CBMiVkFVX3lxTFBMNUVNdm55R2MxQnZTTFgxdDZqZVkyVVNCaVVkNHBYdi1nc3JrdEZSVnVZT3Fsd2N3X29FMElfM3A5SlZXU0lmVnBWOWlNUTNtV0JZaVN3?oc=5
2026-09-30,Investoinnit & transaktiot,Tunnistetaan myöhemmin,yrityskauppa,Tamperelainen Elmo ostaa Microsoft-asiantuntija Solu Digitalin - tivi.fi,tivi.fi,https://news.google.com/rss/articles/CBMidEFVX3lxTFBZTldQQ0RRak9GTmF4cW45QXFZcnZDMExGMGRBaHFRb0JwX0VWbUhsSzIzM2F3QU5pSGpfVFhpUDFyVFE2ZFVKUGtVNFBqWnBwVnU1TDlGZTh1a2UzcU5UUEcxOUJfVHlNZzQzWGVaUWNQcHpw?oc=5
2026-09-30,Investoinnit & transaktiot,Tunnistetaan myöhemmin,yrityskauppa,EU-​komissiolta hyväksyntä Keskon Dahl-​kaupoille - Etelä-Suomen Sanomat,Etelä-Suomen Sanomat,https://news.google.com/rss/articles/CBMiVkFVX3lxTE9xRDRRRkNtdExncHB5MWpqc2pnWjVtZ1duMDBrdEE1dk5GVnB0ZjJNekVtWTVaU1gyYnN1OVlBQm0ycVpzdzNncU9SWWpZTHh3TldiUWFB?oc=5
2026-09-30,Investoinnit & transaktiot,Tunnistetaan myöhemmin,rahasto osti,Northern Horizonin rahasto ostaa hoivahankkeen Hämeenlinnasta - Kiinteistö-uutiset,Kiinteistö-uutiset,https://news.google.com/rss/articles/CBMimwFBVV95cUxNNDZvYkJrNWY5a1ZULVd6bDJENVRFb2FEcUZuSE9mWk5SMkNjUjZVY0FEYnNVSVRqem9rVTI3NDdLUUxCYVlic1FRLUp6YV95NkcyUENOTWwtSGtBVjFfdFA2SGJ2T1RiRXZDRVZNQ3JXV1kxQmF4bmc3MWo3VXBlSVBRX3l1SWtNWUxwcG9KTEc2T3RxbG5yUWw0TQ?oc=5
2026-09-30,Investoinnit & transaktiot,Tunnistetaan myöhemmin,rahasto osti,Pelätessään Fedin uutta koronnostoa kullan maailmanmarkkinahinta laski alle 4 300 dollariin unssilta. - vietnam.vn,vietnam.vn,https://news.google.com/rss/articles/CBMilwFBVV95cUxOOC1DMlFOWndlNWhnbVRKTEdlUGEzckFtTnY2VGFHQTFJNzBBWmFQN045ZnAtbnpTUFJ2ZzRPSWk2aTNKdkEwM2ttcWhGT0xwd0pQRUREUUYxemNvRkVnU2pacnBNU1paZVQ5dmFjS2NnVGlqTzBySTY1eHNOSHV3X2JlYnhBeWJ0THFESVlPNFNSXzkzbkFV?oc=5
2026-09-30,Investoinnit & transaktiot,Tunnistetaan myöhemmin,portfolio,New mural at the Kannusali event venue reflects the area’s nature and cultural life - STT Info,STT Info,https://news.google.com/rss/articles/CBMi5gFBVV95cUxQMlJOZDljVnpSUVIxN2s2OXQzMzh5OEFwbFh5anhXdzMwRDU3cGdPTkNSSjNjeThVcm4zcVRtOWh3UzV0YVFEeEhOQU5TcURnQXh5MXEySDF5RnMwNkFVQXFldzB4dzladU1GdGl3a0pVTURJQk4wWmlIYzFFY0UxZi0wcjd6UzQtWVdWRDJLc1FSUWNUZnNLRjNIS2M4YUM2amhTb1JKeUwxRXNBb1J4UHVJY2FCMEJGc2RYVVFJQVJFRTRWU3ZsRmtpWFFSWVFDZ0gyWU5WSUpKY193VTUtNjdfMjA2Zw?oc=5
2026-09-30,Investoinnit & transaktiot,Tunnistetaan myöhemmin,joint venture,Five countries plan to purchase Finnish naval mines – Finnish-led collaboration has progressed to a framework agreement - Ruotuväki,Ruotuväki,https://news.google.com/rss/articles/CBMif0FVX3lxTE45NTIzVlJsV3pwMGtZWWdxTXJOanJicWUtcERUQ2ZGa2JUSHpNdnNXOEpLVTFIOHRnWUZXbnU3QW5uOUdYVk5vTTlTRW5PLWdnbjI1SEt2UTVwd19uXzZTZFp6WmFtbzZNVTJ3S1RnblFRYnpLbmRJeWdXNEo1eWM?oc=5
2026-09-30,Investoinnit & transaktiot,Tunnistetaan myöhemmin,joint venture,Kattava yhteistyö TTC Groupin ja NIG:n välillä - Bsquare Joint Venture - vietnam.vn,vietnam.vn,https://news.google.com/rss/articles/CBMijwFBVV95cUxPUVZjaVQ2S0l0VTBsTEhRUGlHQTNaeWlzeWdBT08wZVl1VDlzbnNrUFZuM3psaUtUdjFua1lKMElVOUpWRTc1ZE5OWExPd2FYc0hTMWZTR2g2OVF5RElyTjV2OExNREJaRjlUek1ZWUZoNXZ1b1o2M1BBQlFMTlY1U01FQWxoUmx3ZWFVY25jYw?oc=5
2026-09-30,Investoinnit & transaktiot,Tunnistetaan myöhemmin,joint venture,TTC Groupin ja NIG - Bsquare Joint Venturen välisen kattavan yhteistyön allekirjoitustilaisuus. - vietnam.vn,vietnam.vn,https://news.google.com/rss/articles/CBMinAFBVV95cUxNdXNscWVBZ1pkdkdFTXVYNFZITVVfZ3RhWDBGd3Z3SmwtbXl6THc0aUpNQ3MyaFZmSTJ2VG9ZSWVpTnpTSHVSODVYaU4zT25MN3o1bmtmeE1XSEJTUTM1MXdsREN0RERwZkVLUHViWWxxRlJObXREVkhNQjhILUJpT0xGdGZvSC1QMWhIU25PMVlNd0dXZ2lMTDNQUVU?oc=5
2026-09-30,Investoinnit & transaktiot,Tunnistetaan myöhemmin,joint venture,Lao Cain maakuntapuolueen komitean sihteeri ottaa vastaan ​​Aristo International Hotelin johtajat. - vietnam.vn,vietnam.vn,https://news.google.com/rss/articles/CBMikAFBVV95cUxPbV9OM3NrQ1dldjFiYWtoT0EzMlRNcTUyTXdOcXcyci1uTHRVT3BoNWszeUdrUFV4Z3lMdEREb0VmQ0dOakdZTEQyLS1fVjdhUDRfQm9uSHM4NHA4QTBNUDV4ZFJHZFZYMDN6U1R1TU1iMDN5N2lNSkU0Nmt2VW5uSFowRW9wSEJKWlJud3lSYTI?oc=5
2026-09-30,Investoinnit & transaktiot,Tunnistetaan myöhemmin,joint venture,Vammaurheilijat päivittävät ravitsemusosaamistaan ​​ennen kansainvälisiä kilpailuja. - vietnam.vn,vietnam.vn,https://news.google.com/rss/articles/CBMiswFBVV95cUxQWHRuV1I3VWpEbFdNc2QxZ3U2MmdvOWllWFVpRE5oZElKV1VXZkpWUlZLSFRzRkpVOVhmaDlhZm9GYmNGem41amFHaEUzWEs5SmhJY3pYQTR6WEhYUDVWcnhQMEh2aFdNa2lhRDhVNU1kdHlZaVVBZndNT1YwamRUVGtyd2VPNUNNNDNrMEVMcHYtQUZSQ2JGUFZGek5UeUphQXo3d0UxMmZ0MldvOUloTER1QQ?oc=5
2026-09-30,Investoinnit & transaktiot,Tunnistetaan myöhemmin,sijoitus,Onko energiakorjausten tukeminen kannattava sijoitus? - STT Info,STT Info,https://news.google.com/rss/articles/CBMivgFBVV95cUxNYzBMZnNETDVJemFPVDZ3Z2JHSWNXLV9DNUVKbUhReWg5eHU3MkZSYW5TUWhjMkE2VUhKa0FLZXlUMkVVc2ZKQy1LdW1ZRlBBZVVuVVA3TFIxbVVCR1kxdEIwZUZ1Ny15cXpPeUNlcUt1UGNzSjg2X2FRbTJGaWFYTi1SRW50Qng2ZzIyU3VVQ215SzhheTNfcDd5RGljNkdnVDY2ZDVQdGNDNjVaQzAwSEhuOWZXZmVZbng3ZUtR?oc=5
2026-09-30,Investoinnit & transaktiot,Tunnistetaan myöhemmin,sijoitus,Pääkirjoitus | Lahden sijoitus Isku Centeriin voi aiheuttaa dominoefektin eikä avoimilta kysymyksiltä vältytty - Etelä-Suomen Sanomat,Etelä-Suomen Sanomat,https://news.google.com/rss/articles/CBMiXkFVX3lxTE1vZVBlZUlQUzduaUpSaEJ0RHpFOXRPeC1UcnR2UGhEbWIwZjFCZVVRaTFYSnU0WkVjMDh0Zk5COVJ0UnYwNGk0MFFpQ0piSkZVNVNtQ3BRMjBmR1hYY2c?oc=5
2026-09-30,Investoinnit & transaktiot,Tunnistetaan myöhemmin,sijoitus,"Miksi Suomen Pisa-sijoitus on laskussa, Olli-Pekka Heinonen? - Satakunnan Viikko",Satakunnan Viikko,https://news.google.com/rss/articles/CBMiqwFBVV95cUxNRXNGMGVzRTA1Szd3OWRkRFVoeENxelFjNkVWYzJnNWlFcmhYMldsYzdxc1owTWh5RUlWNDNJSjV2cFoxcU9fM0ZSZGdDWFVZNFJSangyNFpSQUdJR1RfNVIxQzRpN0ZubldobEZ5MmhOdXZxSFNXenh0eUhPMERvclJ4VzVaOW02U1hMQTFQOExyTEk3T3R4cF9XanZtRXdPUDZlcFBLUDBydTA?oc=5
2026-09-30,Investoinnit & transaktiot,Tunnistetaan myöhemmin,sijoitus,Aarni Ronkainen päätti kautensa vahvasti – maailmancupissa suomalaisittain kova sijoitus - Jämsän Seutu,Jämsän Seutu,https://news.google.com/rss/articles/CBMiaEFVX3lxTE5GTUt5ajJsSDl4blF2RFlFWWVCV1hhT25sQWpiTWUzMWFRLVVhQlBCaWJLZkVjM2oycVl5ZUJpb3lxNEhSVi1fdXVmX0FaYUppdXFscm1kWXo5c1JXWW1zdWs3cEljTnNj?oc=5
2026-09-30,Investoinnit & transaktiot,Tunnistetaan myöhemmin,sijoitus,Suomi nousi historiallisen korkealle lentopallon maailmanlistalla – näin se vaikuttaa olympiahaaveeseen - Helsingin Uutiset,Helsingin Uutiset,https://news.google.com/rss/articles/CBMiW0FVX3lxTE1zNlowaENxSXVLRnk5RkR6MkZKalBOR3pWVDhXejdtTExaWlFoYkotMkUxT0Uxd2RrUV9PMkEybWNUclhDLTZ6VXdjYUdxaGVSUzNWcDVGdGtKUjg?oc=5
2026-09-30,Kaupunkikehitys & kiinteistökehitys,Tunnistetaan myöhemmin,asemakaava,Her­van­nan poh­jois­osan täy­den­nys­ra­ken­ta­mi­sen ase­ma­kaa­va hy­väk­syt­tiin näh­tä­vil­le - Tampereen kaupunki,Tampereen kaupunki,https://news.google.com/rss/articles/CBMitgFBVV95cUxPbmdNOVlTb2JtUlcwMHVnLUlpdElmM05zOEI3Nk9DWDJ5cmpCUUFFT0RKX1ppVVNLSmlBLVZRbDl2RkU3b0g5MGxuMWdsTFpXSEp2c0JvajhHQ3lDcTJZVXl3TFFzalJ3ZFBJTThxQzJMaW5KN2pMRWZIS1hiSDFBcVkyTjN1WTBfS1hFckFGcWRPSWtscWN2cDlCXzJiOHBLd0hsOWQzOGhXR0Q2UWo2eDdiRHNndw?oc=5
2026-09-30,Kaupunkikehitys & kiinteistökehitys,Tunnistetaan myöhemmin,asemakaava,Lappeenranta ei peräänny kauppatorisuunnitelmissaan: vanhalla kauppahallilla ei ole erityistä suojeluarvoa - Yle,Yle,https://news.google.com/rss/articles/CBMiQkFVX3lxTE9SbnBwM1p2bFlRZW5KTXpFMVRtYklYeEg0ZkhfWkh5WTFTSHJReEN5emJxQWFSZkhCR3lVS3lDcldydw?oc=5
2026-09-30,Kaupunkikehitys & kiinteistökehitys,Tunnistetaan myöhemmin,asemakaava,Tampereen keskustaan nousee uusi kuusikerroksinen talo – vieressä säilyy pala 1960-lukua - Aamulehti,Aamulehti,https://news.google.com/rss/articles/CBMiZkFVX3lxTE15TzNaRnExV2l6YlRSdG1QZFgwYzNEZVVSZlEwRFM0SkFQSFBrb25SaXRfQVdvNVFkdUlpSXo4RUxZeTNXYVBUckI4YVNteVJ2QU5XNUhLdHdYWEY5V3VLczJIYkQ0dw?oc=5
2026-09-30,Kaupunkikehitys & kiinteistökehitys,Tunnistetaan myöhemmin,asemakaava,Hallinto-oikeus antoi ratkaisun kiistellystä satamatunnelista | Paikalliset - Helsingin Uutiset,Helsingin Uutiset,https://news.google.com/rss/articles/CBMiYEFVX3lxTE5DUkNTa3BDWjAxaldSc2t1MDhPa0t0WFVFZU10RUdZTk53QnZEejkxeXBHenBmZFlNWjBvTEViUjhqVkx0SGM2aGRzTjNvSUtESUQ3SG5ucXRuMEVxQ1ZtVA?oc=5
2026-09-30,Kaupunkikehitys & kiinteistökehitys,Tunnistetaan myöhemmin,asemakaava,Tehdasalue muuttuu asuinalueeksi Turun Raunistulassa - Turun Seutusanomat,Turun Seutusanomat,https://news.google.com/rss/articles/CBMilAFBVV95cUxPN3FkWi1uaThzai01MWJtMXdDREpJOU96S0oyUjE3VE12NElnNDJvZ2p2UEZfWExVREVpRlpoMW1DandJbFpPMUZKVk1QbWtHTmVlREx2bDUtZjFiOWFEZmRtV1pCc1JseHZodHpuaWM2QU1XSG41WXlkTzlDb1lKU3RON0JqVXNZU3ppNEEzNTdpamRl?oc=5
2026-09-30,Kaupunkikehitys & kiinteistökehitys,Tunnistetaan myöhemmin,kaavamuutos,Eino Heinon korttelissa alkaa uusi kaavamuutos – pattitilanne on jatkunut jo vuosia - SSS.fi,SSS.fi,https://news.google.com/rss/articles/CBMirgFBVV95cUxOVkZqbHk0U0JCcHozMXlhSUVUVUtYeVh5OG1CcEdWM3BIc0QxWUdWbUdvN2FHcW9BaGFoOFhsQmxUb0NsRE9lQjUxak9OWFVDNU1sdTMxbGpIb1F6bTVCemxhb1RfTW9xMXQ0MHBUUkN1di1QYXA5bTFNYVhsRDVsdFBObVgxa1I3NS11bkh1a0Q2Slg1dUlVUlBza0xhN1I3Q3FfYl8xaWd2dDNJanc?oc=5
2026-09-30,Kaupunkikehitys & kiinteistökehitys,Tunnistetaan myöhemmin,kaavamuutos,Jyväskylän kaupunkirakennelautakunta käsittelee Kukkulan aloituskorttelin asemakaavan muutosta - Jyväskylän kaupunki,Jyväskylän kaupunki,https://news.google.com/rss/articles/CBMi1AFBVV95cUxPei1VV0ZxU2NQaEVmaWFjeW9NT1JYRml0Sld0OE15Y0J4MjhqLWJZY3BqYmJJa1h3UWxoX0lLWXlOSEd3TWp1andQVnZEMW5OLWFPVm5qdmlQaHVKWUotQ1JnLWNMU0ZwTW1nM0dCUFpJbUZwUFlOTTQ5c25SMGNuUm0xaHFUN3dmai1oVmZ5TGFzbzNUbnduRDJTdFNEWGtKLWZWQy1KVE1NSG5VV0duWS1tSlp5MWxRU2xxMjFNTWYwT3dmOHFoS0VqdUxsaTZMWXRLNQ?oc=5
2026-09-30,Kaupunkikehitys & kiinteistökehitys,Tunnistetaan myöhemmin,kaavamuutos,Euran paloaukea | Euran paloaukean pitkä odotus on päättymässä – Hesburgerin ja autopesulan kaava hyväksyttiin - satakunnankansa.fi,satakunnankansa.fi,https://news.google.com/rss/articles/CBMicEFVX3lxTE9LUGhEUHFUaFJ0eFkzMElzempkeWwxNGU0dXdMRTd0Sjl2dW8xQXhtNGRTYXJJcmNmcG5paWF0VWdOejNyTnRTQXRSUEhubGxDbl90UFVWaFh0NnNVOVBLWXF6TG5QNmxoY0dGUUF4QTM?oc=5
2026-09-30,Kaupunkikehitys & kiinteistökehitys,Tunnistetaan myöhemmin,kaavamuutos,Meri-Rastilan kaupunkiuudistuksen ensimmäisen korttelin rakentamista valmistellaan - Vuosaari-lehti,Vuosaari-lehti,https://news.google.com/rss/articles/CBMiuwFBVV95cUxQbFNLaWdnc1RVa0NoelduOFV2YVo4WEZJZnU4aGFXSlNNbENqcHgwWlh1ckhUcko1cFVhZHVTN3BHR2l4YUlyWDJlTUZjeWgxSE9kZVhWdGFuZHhLLWFIUUM4VVZZblc4bm5iZkdvdGdpNDA3djZrX19OdEwydmE2Y1FOSnlKZE44Z0VXWmpEc2VWYVNJM0dLenp0eTZiUXlOMldBMmptR1lneGFjam1BZ3d0RVZUUlpjS09n?oc=5
2026-09-30,Kaupunkikehitys & kiinteistökehitys,Tunnistetaan myöhemmin,kaavamuutos,"Terveyskeskuksen alueen kaava nähtäville – Katso, miten uudisrakennukset muuttaisivat maisemaa - Kangasalan Sanomat",Kangasalan Sanomat,https://news.google.com/rss/articles/CBMivgFBVV95cUxPanp2V0k2WUNnNWtRNmdVejJsRVNDeWp1Xzg2OWhPWTdIRUIxakZETWR3clRqVVB5cWZxajZJUkkxYzVGblVldjJjWjhuUmlOQnZsY2s4OEZVMUE3bTJtUFVFclpKR1F1Y19TSm0yZG9zZHZrLVAyRkhFVjduTExRRTZJdUxMVFZfSDhjMzFFdXZvWExYR1R2djMtR1d2Z2NvSlI2M0lIcGxXeFZzYlU1MGtGYS1DS19DaG1mallR?oc=5
2026-09-30,Kaupunkikehitys & kiinteistökehitys,Tunnistetaan myöhemmin,kaavoitus,Datakeskuksen kaavoitus käynnistyy Sievissä - Kalajokilaakso,Kalajokilaakso,https://news.google.com/rss/articles/CBMiiwFBVV95cUxOSFZEQ3ZZeTZTeHV1ZHk2TlFVcDdDZXc0WG5LTUV4TFdHd056LXh3aUxaQ0NNbU5mTDBTZmhidFREdVBzVUZmY2paMmdQZmJuVkxmdWw3Zmc0TTAyRFpXOThwekwyN2ZwYkM2cDNPdXZWdEl4YTJ2SkhBcEU0OUhnRTFKTm1INDlFZ3dJ?oc=5
2026-09-30,Kaupunkikehitys & kiinteistökehitys,Tunnistetaan myöhemmin,kaavoitus,"Kaupunginhallituksen puheenjohtajistosta kovaa kritiikkiä Kuopion rakentamiselle: ""Eihän sekään mikään nätein alue ole"" - savonsanomat.fi",savonsanomat.fi,https://news.google.com/rss/articles/CBMiW0FVX3lxTE5NTkxKdlBOV0FIY1pTUlUtVHdxREw5alhQNmdaRnFKRXFfUktTTkFrN29SbkRoVGNRM2dqUnF4emhfbzRXVDkxWl9ZLVA2V3hCM0pFRnNTdmFwRVk?oc=5
2026-09-30,Kaupunkikehitys & kiinteistökehitys,Tunnistetaan myöhemmin,kaavoitus,Savisillan naapuriin suunniteltu teollisuusalue saa asukkailta lähes täystyrmäyksen - Länsi-Savo,Länsi-Savo,https://news.google.com/rss/articles/CBMiWEFVX3lxTE1rZ2tKZWFDVF9zbVlKczgtRThjd3ZoVHdBTFBKMVN6cnBZWW04aHZ3cWVWN3BTN2l5Q0gxT05hcFIxRFExQ1d4aHdRU01DOXRkakdPUVlEVjY?oc=5
2026-09-30,Kaupunkikehitys & kiinteistökehitys,Tunnistetaan myöhemmin,kaavoitus,"Keskustavisio 2050 | Lohjan ydin kehittyy entistä notkeammin, ja jalankulkijoille on nyt upeita uutisia - Länsi-Uusimaa",Länsi-Uusimaa,https://news.google.com/rss/articles/CBMiXEFVX3lxTFBxSnRIeVYxRnA0NElVT3BUb2NJWi1JdEFob1NOanhHX0dqRUVqd2FfT0lDWld0STA4dHloR0o5QVRzZXdzSU1RYVY2ODNxS19BaUFUUmxwQWRrOFM3?oc=5
2026-09-30,Kaupunkikehitys & kiinteistökehitys,Tunnistetaan myöhemmin,kaavoitus,Simpukanmuotoinen asuinalue tuo Lahteen sata omakotitonttia - Etelä-Suomen Sanomat,Etelä-Suomen Sanomat,https://news.google.com/rss/articles/CBMiT0FVX3lxTE83ck5OSkE1X05JZ2VBWUY4b3k5MnFhcHY2NlNxWHFEdkljbTB2cnRRQmltanRlT0oyblhldUxLWnYxUkxOb0I1TGhlVE9qYVU?oc=5
2026-09-30,Kaupunkikehitys & kiinteistökehitys,Tunnistetaan myöhemmin,aluekehitys,2025 Parliament Discharge: Exchange of views with Secretary-General Chiocchetti - European Parliament,European Parliament,https://news.google.com/rss/articles/CBMiugFBVV95cUxQdS1yRTZhMlpwaFBLYjRjX1FGTnlyeVJXUlFNRV9aUGYtYnUyUVhkT2xNeUU4SlRwbjlYS1d0eWlQbnA1QlZGNV9GQ3dYOWYtVEZna3BlSjRGU2VFbG5iVHhtQlF6OXdyV1d5dl9aRjBaZlRKQ0VnWXd1VVBuamI1dFJBWkh5T3p3a2treTRXZ2twZGxuQXNtdjdzdmNPdkQ5UEsybk5tbURYdXFlM1VlT201cld2RTBUeFE?oc=5
2026-09-30,Kaupunkikehitys & kiinteistökehitys,Tunnistetaan myöhemmin,kiinteistökehitys,Stendörren suunnittelee vähittäiskaupan suuryksikköä Vantaan Petikkoon - Kiinteistö-uutiset,Kiinteistö-uutiset,https://news.google.com/rss/articles/CBMiogFBVV95cUxPN2dOQ1YzaWRVd0ZOMk9STjFSd3hidTVaSkRVMlBUUS1QX3BnT1dmY09fRmZnMVNMMVNEUjljLVpldEI4SjFTSzU1QVNMQUUzMFEwY0h2RTVHblRIbkdmVHFYSE1WNlBrQllTMEFiVUN1QmhYd1hvYXkzY1VkaVJXelZ1RzNacUV6U3RNTzdCOU12R1ZpSGtnei1URHZ4X0lqbGc?oc=5
2026-09-30,Kaupunkikehitys & kiinteistökehitys,Tunnistetaan myöhemmin,kiinteistökehitys,Positiivisia signaaleja julkisesta liikenteestä. - vietnam.vn,vietnam.vn,https://news.google.com/rss/articles/CBMidkFVX3lxTFA4b0JBTERVam1GaXljbG5YTFZsUkJXaHR4dGZ1SHJUT0sxWGd3eXhvdEVaZ1lFQUhYdlR2RjdJdVlvTmlvVkw1VHhSVmN0N3Q2Mkw1bHp3VDFiMUtuekR0TFNIWkpVNGFkRkxKTkdvMHlScTV3V2c?oc=5
2026-09-30,Kaupunkikehitys & kiinteistökehitys,Tunnistetaan myöhemmin,kehityshanke,Budjetin ulkopuolisten investointien houkutteleminen Quang Phuhun - vietnam.vn,vietnam.vn,https://news.google.com/rss/articles/CBMiekFVX3lxTFA2UDRRZ1BJQ0hfYzh3VWRLWjdULXNPc1AzWWNVOWpSaF9lUUdKY2d2b0pIVzdhSnRpVTVGWGRGdjktQm5ZZXBXRjdnTC1yUjQ4Zk1tMm1tU09DV2NvR0IwT1dpT0JiaXRnY0F1TGlkcXBkcDR0RU1ZenR3?oc=5
2026-09-30,Kaupunkikehitys & kiinteistökehitys,Tunnistetaan myöhemmin,kehityshanke,Da Nang soveltaa erityismekanismia mineraalivaroihin yli 45 000 miljardin Vietnamin dongin arvoisessa hankkeessa. - vietnam.vn,vietnam.vn,https://news.google.com/rss/articles/CBMimgFBVV95cUxNYTNQbkhxV1dRUVlrVkJRU3VZYy1CUGd5WUp5YXRPU19DRTBtMm5NX1lOakdaTW9uRWxacUJ1LVVuSDdxa1lZRkc4VTFkNFh1MWFaNWtaM2ZvcEZEODlpZGE0WHhLanhWalFfUFJkTFNLdzhrUVVsWXZLRnlJamFSaXZnTXBHem5SM2NBRGREbDBsMlo4ZE5XM213?oc=5
2026-09-30,Kaupunkikehitys & kiinteistökehitys,Tunnistetaan myöhemmin,masterplan,Masterplan arkistot - Episodi.fi,Episodi.fi,https://news.google.com/rss/articles/CBMiU0FVX3lxTE5zN0ZBYnZsa290TnRISS1oN0g2RGhFUjhVLXhNNXN6SXkzc0tuRTV5ZHphZDM3TG9zalpZZGpucW5uMjVtWkxZcGdBcUxJZHk3RzU4?oc=5
2026-09-30,Kaupunkikehitys & kiinteistökehitys,Tunnistetaan myöhemmin,masterplan,Stanley Tucci yrittää varastaa Mona Lisan: Masterplan-traileri - V2.fi,V2.fi,https://news.google.com/rss/articles/CBMiowFBVV95cUxOSEVHX2t4NW1vb2F5YjNiZElfMm5Pdjktbno2TmkxbFVINnpfUEhBNHBJZzhzX0g1bmJXdzV5R3RSSXplMGIydW83VmVrbGREcWFZd0hmZUZLYjVhVm5xVHFkR2lxWjZWVmotbEFWT1dvNlVRa0JsU0c0MzBRdEdqOUhjYUpMbkthbXItN0tyV0pKaGZQaGsxdWladFRWZ3BueFZN?oc=5
2026-09-30,Kaupunkikehitys & kiinteistökehitys,Tunnistetaan myöhemmin,masterplan,Arvio: Tauko on tehnyt Masterplanille hyvää – Metalmorphosis-levyltä ei löydy turhaa fylliä - Soundi.fi,Soundi.fi,https://news.google.com/rss/articles/CBMivwFBVV95cUxNcFJRVVQyTVZqQ0VIZDhsbDY4c09LUGU4b2ZRNVJFX1l0emxhclRXUENRV3F6M09EdWhVOFdFVGhaYzRNRXFDZlVfVHRKYmRxNHRlWGdZTjRDd2o4RXpjV3FHb1phTU9vOWlKOGREaVFLcE5hMXloSXE5aWJzejR3UW4xQktoUno0MnQ4N190amIyTTBfUzFISFRVU05PTzBRQ0pwdzdkYzlkckhIa3U5Tk16bDltSkluVklZczBWcw?oc=5
2026-09-30,Kaupunkikehitys & kiinteistökehitys,Tunnistetaan myöhemmin,masterplan,Stanley Tucci aikoo varastaa Mona Lisan – katso Masterplanin traileri - Episodi.fi,Episodi.fi,https://news.google.com/rss/articles/CBMioAFBVV95cUxQRElJLVgzalAxQmkxb2ZFblM3MEdWdlZxQTN0YU9Lc0dnczJNOUtYMzU2MnJYQ2tQVW9zUzlLZXV1MmRVc3VuWjgwbExueVpWdmtWSlB3V25Dd1RselczMTF5ZW1ZdllHYkx2OXVPUmY0M0dIWXR0d1lEMzFOUTVZcW0yRjYweUpPSjhwQ2drU29zazhUNUttWHBoYjRmLWFV?oc=5
2026-09-30,Rakennus- & toimitilahankkeet,Tunnistetaan myöhemmin,rakennushanke,"Korot ampaisivat ja jokin kohta voi pian murtua – Päästrategi paljastaa merkin, joka kertoo aidosta iskusta talouteen - Kauppalehti",Kauppalehti,https://news.google.com/rss/articles/CBMifkFVX3lxTE0xdmpmT1UzYmg2TnBOZ1NST3BXb3BWRFRta2tRejNUNVV2MGZBcUpQMkNlSmtYU182Q052cUlUaV90WXE1bTFhcmpWQVhQTGhYbkdEeFVHSUZfZzB0cUhuN0ZmOTR1Zm4wT0NUdVlfc2ctZTg0Z2gxSjhnV1Y3QQ?oc=5
2026-09-30,Rakennus- & toimitilahankkeet,Tunnistetaan myöhemmin,rakennushanke,Putinin salainen jättihanke paljastui - iltalehti.fi,iltalehti.fi,https://news.google.com/rss/articles/CBMifEFVX3lxTE5OWnJMZTMzUVI0cWV6bmQwblZzNTdHaHJVQ1lzTFg0X2N1U3N2Zkxuelg3enhnb3YwVm96UDVteFNHb1QzUmNmTG5MRFBzQ1N5eUpxNmtFVW9xUS15ZFF3b0ZUUC0yZ1R3T19TMEVlQ1ZTTGdYNXNpMllUYmQ?oc=5
2026-09-30,Rakennus- & toimitilahankkeet,Tunnistetaan myöhemmin,rakennushanke,Pääkirjoitus: Miljardeille löytyy Suomessa parempaakin käyttöä kuin raideleveyden kaventaminen - Tekniikka&Talous,Tekniikka&Talous,https://news.google.com/rss/articles/CBMigwFBVV95cUxPQTEwVU54ZWpvNWJBSHhhSTNOb1JISGRhS0h0Wk44OEk0NzBhSTdSTl81VUR3aFdvMFdpTlJ1dnJEZkRGNHpSdllBQ3F5V1J6dG5taXM4NTBGSWpnZUg3anNpbUJuXzZzZjZDb0FvTkgzaWtZMU9ZM1NEdFZQWWttWXZ6dw?oc=5
2026-09-30,Rakennus- & toimitilahankkeet,Tunnistetaan myöhemmin,rakennushanke,"""Arviolta 14 000 henkilötyövuoden työllisyysvaikutus"" – Suuren M-sairaalan rakentaminen alkaa syksyllä - Tamperelainen",Tamperelainen,https://news.google.com/rss/articles/CBMiXEFVX3lxTE9WcWtLZHoybWlZT1oxcUJpMTBELXJjdXM4dTB5amtRZDJBR05LaE4tSHJqYmYzTFh4SFRsOVR3cWY5b2M0VE1MMnVBeXU3Tm1BcXJSdG5IQ0NUQm1Y?oc=5
2026-09-30,Rakennus- & toimitilahankkeet,Tunnistetaan myöhemmin,rakennushanke,"Viikon valitut | Poliitikon puheista nousi kohu ja tallenne katosi, urheilukeskukseen uusi vetonaula, Tivolin tarinalle loppu - Keski-Uusimaa",Keski-Uusimaa,https://news.google.com/rss/articles/CBMiXEFVX3lxTE13Qjk1cEpCdVE5b2xsakpZUnhHMXJCcUVROFJZUm1VT1dPai1CM293MVp0LUtqUUZlX05qeXhPaFJzcXIydG1KeGJhdTRQa3FIb05udmZSTzd0VGtG?oc=5
2026-09-30,Rakennus- & toimitilahankkeet,Tunnistetaan myöhemmin,rakentaa,SDP:n Juha Viitala: Mitään ei pidä rakentaa työntekijöiden oikeuksia polkemalla - Sosialidemokraatit,Sosialidemokraatit,https://news.google.com/rss/articles/CBMirAFBVV95cUxNWTRQMXFXZlR4Y2t3dDN0a256RGlZcUhvVkVlV1pDWUVXNnYtZlVKaW1Eb3ZhVVZRX0t2b0tfQXM2MXh2M283Y3hYQmxCTjJrZ3VPYUhycUx3QjhLWkZPQlYzTkxCX0RHSUk2YlRwdzZ1aV9lcmRTUjJOSHRWWkM2dVhfTXY0dnp4Nml3ZExpYk02X18tZ3JJLW9RcTF3RWVYTVNTN3ZER3RkSVpW?oc=5
2026-09-30,Rakennus- & toimitilahankkeet,Tunnistetaan myöhemmin,rakentaa,"Kun moottoritie valmistui, piti sen varteen rakentaa kaksi kahvilaa – nyt ne seisovat tyhjänpanttina - Yle",Yle,https://news.google.com/rss/articles/CBMiQkFVX3lxTE5SZVZpdlZhbUMyekxrZmFxREZMaWE2b0tJVG9jcG4zRDFfZmgyNFBhZFE0dnNIcjJkVHdUNmhXY25xZw?oc=5
2026-09-30,Rakennus- & toimitilahankkeet,Tunnistetaan myöhemmin,rakentaa,Euro­parlamentaarikot kiittävät Oulun tapaa rakentaa kulttuuri­pää­kaupunki­vuotta - Mun Oulu,Mun Oulu,https://news.google.com/rss/articles/CBMisgFBVV95cUxOWUt4TExPZDlsQ0FYakhyc0RGcW9DS2hlQlg2aTJBVV9nWmZNT29fZEd3TFdPM0RQV0VlR3ZodjVuT21VQ1JYdDI0ZVFsdlJwV3JzZFh0LXUwTnJhVk1yRVdRaXhnbkNSbWV5UE42d2FSLWdya3JuZlIxQTl1cDFtNDVJZXhqODlZYVdvYVV5UERCdktYdFhxbXNia3dzTkkwTkVSX0V6eC1HUlhBbEd2QjVn?oc=5
2026-09-30,Rakennus- & toimitilahankkeet,Tunnistetaan myöhemmin,rakentaa,Finnfoam rakentaa yli 30 miljoonan euron tehtaan Ruotsiin - SSS.fi,SSS.fi,https://news.google.com/rss/articles/CBMihgFBVV95cUxPeTNrbG1OT0xSQnkxbFFIWmpzRUdBMHNLWHVSZXdiT21yZi02Mkp1T3F4bk5WdEVjX2pXeFYtZVc1NTdib2JRSUNiQWV1SXBjZU5faVlKQjFMYWFfY1J1MWlQT050TmpLTzdzV1BDVWpoTkEzc1dPRWhWN1U4ckNiQnNFQ1R2Zw?oc=5
2026-09-30,Rakennus- & toimitilahankkeet,Tunnistetaan myöhemmin,rakentaa,Jamiluokka rakentaa nuorille jazzmuusikoille reittejä työelämään – Norppa kiertueelle lokakuussa - Jazzrytmit,Jazzrytmit,https://news.google.com/rss/articles/CBMizAFBVV95cUxNaWpOWDhwbDhuS0hOMWNtX1lNN1dHTGhjNVJteS0wVTN3X0dpUnVCbWFYdEVzY2hZbE93RGtlemc4QXpockNqZXFtaXJsNnhTTVI1Z0Vwc1pwSl9Sc2VLX19NZ3p2ZEp1S09ZSjZ0aG00cE80MlBCS3pCa3paWUVOLWlpZGktRWQyd3QtZFF3RlNiWFNqdDdvWmdncFBUeFFGVzF0eVAxclhzUEVZdFZkMUNnc0IyQURBcWpoTkJWRDN4N0p2MFNJTWJ2MHk?oc=5
2026-09-30,Rakennus- & toimitilahankkeet,Tunnistetaan myöhemmin,rakennuttaa,Ovaro rakennuttaa hoivakodin Joensuuhun - Kauppalehti,Kauppalehti,https://news.google.com/rss/articles/CBMifkFVX3lxTE8zVF9DRWxONHY0bDhFMnROa2VmMDlYSVJzMFMtUHdJd1dJbTJBVk4ySXJoSnpSX0ZQLURVOVlSLXgtbWphMExOUjhHTmc0M282M3VReXBTMFc2UXRZdlB4MzAtaU1yZ28tU2tfXzVUUUFteG1saFdObTJuY1RWUQ?oc=5
2026-09-30,Rakennus- & toimitilahankkeet,Tunnistetaan myöhemmin,rakennuttaa,Näkökulma | Suomen investointeihin tuli hurja käänne: lähes 100 miljardin potti on nyt mahdollinen - Aamulehti,Aamulehti,https://news.google.com/rss/articles/CBMiZEFVX3lxTE1wNW90Zzd0VjdmaDNwVEZqczB6bHc2MVF1OU9fazVjLXlkT1h6LWM1aXBuNlZNbEZoeWJrdmpGVXg4cWVCazZnVFVSSm5Zb1BXVHR5QXluVTJmRW96akJIbXJ5ZGs?oc=5
2026-09-30,Rakennus- & toimitilahankkeet,Tunnistetaan myöhemmin,rakennuttaa,Ylämyllyn uuden päiväkodin rakentaminen on alkanut - Karjalainen,Karjalainen,https://news.google.com/rss/articles/CBMiWkFVX3lxTE5heFZEMElsamw3YlNkQ1FUWWJTY1FtZnNfMDZQWER0UHVubE1xbjZlQXJna3k0eVVjS2ZVYVRZV0dDYUNGV084RlVydzZmS05OcVRxeWFKQUJQUQ?oc=5
2026-09-30,Rakennus- & toimitilahankkeet,Tunnistetaan myöhemmin,rakennuttaa,Kirkonmaan yhteysaluslaiturin lähelle on suunnitteilla 85-metrinen aallonmurtaja - Kymen Sanomat,Kymen Sanomat,https://news.google.com/rss/articles/CBMiW0FVX3lxTE1FLWNBNmJKU0lwd0x6dm42Z0dJbkJ3cS11NzBwR1R4MzM2MF9PRXhmejhYQlAyemRUS20wejBtdW1ELUtjXy11X0FJaWgzZUJjR29OMGdPdzJqVE0?oc=5
2026-09-30,Rakennus- & toimitilahankkeet,Tunnistetaan myöhemmin,uudiskohde,Espoon Mårtensbrohon valmistui ensimmäinen uudiskohde – SRV toteutti alueelle 50 asumisoikeusasuntoa Asuntosäätiölle 0-virheluovutuksena - Cision News,Cision News,https://news.google.com/rss/articles/CBMi6AFBVV95cUxNU1NXX0k1NG9pUkRsN0JoNXdRMlE1aWcxRTNNRHlEelhoZmhiWXY4OU1UTU1DQUFmc1V1Z0ZyekQ4MUJrckFhZW5CZEkwNkZ5bUFiNDZCQnRiR05jaGpyWWdJUmc0Ump6UE8tT3JsWENBU1JZd0dpQV8yNEhtUk5jYk9NQkgwVkRpM2dVUFlUVkNpd1JDV0ZSOGp5bVJDLUNZd0NDUVVWWUhBeUJLbjJyOFVQTURfLXBvbFkwX3BwalFreXZWVy1ReUNqM21KaWJUTkRJbmlvczYtV2NSTnFKVFgzVlQzOGk3?oc=5
2026-09-30,Rakennus- & toimitilahankkeet,Tunnistetaan myöhemmin,uudiskohde,Asuntosäätiön 50 uutta asumisoikeusasuntoa valmistuivat Espoon uuteen Mårtensbron kaupunginosaan - STT Info,STT Info,https://news.google.com/rss/articles/CBMi-AFBVV95cUxNalV6WC1jWHJqZnZ2ZjBhREhzOWFZQ2x3TTV2TzdVMXpqbWxsaWdiQnl4dHluTmFBTTBkNDBuWEJRY1otTzdaYk9mVFhFRmlWd002R01oM1NvdHh3QkJiZUFaU05BeWkyZFR3dTBlUzF5V201RTJ0RjluZHRRRHNYeG5wSGk2WmhBMXJRdnhZRXZoNEh6WGlTUGh3ZDVlZGE3Q3NDYmlLb0dPWi01OG9ab0lNcTJYV2Jwci1TSHBXNHJINklRVFRmd3ZFSkFSR1NOVFdSRFRZTUM3eXJHTHRyaDJKYURzdDdHWmRpYlFPb3hXbHJiS0dVTg?oc=5
2026-09-30,Rakennus- & toimitilahankkeet,Tunnistetaan myöhemmin,uudiskohde,Uusi asunto käytetyn hinnalla: Nyt tulee ”halpisasuntoja” - Talouselämä,Talouselämä,https://news.google.com/rss/articles/CBMifkFVX3lxTE5RLVRDV1JpcHpYSFF5V2I0Mk5CNU5kb2QwX0d4bVM2T2Y4WjQ4UVZnYVFfWk9uTmQ2SHVXcE1WRkRTamNES1I1a0xoT18wMURzUVQ4MWFQWVV6RVZMYnF2NVRZdGZ1d29kVjVNTmY4cVBZWUhlbGlSdE02a1Zrdw?oc=5
2026-09-30,Rakennus- & toimitilahankkeet,Tunnistetaan myöhemmin,kampus,Oriveden Kampus: emme voi nykyisillä vuokratuloilla maksaa lämmityskuluja - vasen kaista,vasen kaista,https://news.google.com/rss/articles/CBMipwFBVV95cUxNTU1fcFpCNTZ0MXNpMkJnWGFBODZpdXNwRXM2b2ViZ3BrTk5MQXN5RTJmSEk2WGlZUFhzdFduMjlKWlprSksyRzlDT25KUXRRQ0hVRzlYSE56VzNRRVJtTnhIaU5COUV0VHZaeFZjSEhlUFpQR2thRlZIWFlJZmFIOXhNb1VqRFM2bDBtaUNQVkFpeTAxODg4ZDBEVmRrVUl1TmJUZHF1dw?oc=5
2026-09-30,Rakennus- & toimitilahankkeet,Tunnistetaan myöhemmin,kampus,Oriveden kampus on sittenkin saamassa rahallista tukea kaupungilta - Yle,Yle,https://news.google.com/rss/articles/CBMiQkFVX3lxTE53OHQ5QWZ0WlRQd2pUcEZRZHU2TUhTejFtNUdkUFJkb1ZUT1FZTWN0VXYxSnNTeUlLOUtDSTdvNjBsZw?oc=5
2026-09-30,Rakennus- & toimitilahankkeet,Tunnistetaan myöhemmin,kampus,Hamkin vanha kampus - hameensanomat.fi,hameensanomat.fi,https://news.google.com/rss/articles/CBMiY0FVX3lxTE1ibHNpZXhKMUVaZElQbm5RQ1MyMjJMZUQwdWJYbnZKU05vWjVrcmhUY1BIVmhmZHRtZWp5VGhwQVNHSXBuVFMxRVprM3FGbWp4UC1LeXp0aTNuSUcxdmh4T0tzOA?oc=5
2026-09-30,Rakennus- & toimitilahankkeet,Tunnistetaan myöhemmin,kampus,Lahti voi päätyä raken­nut­ta­jaksi Ranta-​Kartanon kampuk­sessa - Etelä-Suomen Sanomat,Etelä-Suomen Sanomat,https://news.google.com/rss/articles/CBMiT0FVX3lxTFBJeGdJM21obHdPOFB5am1TMEQ1M1NDSWdqM0poQkJieU9maHQxTVU2bFFyZmdTZDVPVXo4YktFbVZnZXVSY0E4LThvWlYwSk0?oc=5
2026-09-30,Rakennus- & toimitilahankkeet,Tunnistetaan myöhemmin,kampus,"Kaupunginhallitus esittää avustusta Oriveden Kampukselle: nämä ovat ehdot, valtuusto päättää - Oriveden Sanomat",Oriveden Sanomat,https://news.google.com/rss/articles/CBMiyAFBVV95cUxOWUpIUDlaUW1CVHhaUjBGR1lVTG9QWG5yNldHTFo5VTdwbXY0Ym1NZjNibXFTSlBydXdETk5RWGMwdzZYNnZSZEtZblZFdTJwMDJ0bDkwYlBtMEhMUUlEZG50a1k5ZG9wS2h1aGdnX1lkdXNlUVN1MUdadkphRnVsMlRNUmp1MTlNNkJreEpfUWpMOHUtMmJoYlEzTkoxWWVidnBVWTFKTkJOSjcyMVNEckxtLUQzcmt4SUhFSW1HNzh4UE9nQ04xcA?oc=5
2026-09-30,Rakennus- & toimitilahankkeet,Tunnistetaan myöhemmin,business park,Notification of work causing noise - Imatran kaupunki,Imatran kaupunki,https://news.google.com/rss/articles/CBMidEFVX3lxTE8zZU05OW9XV3IyZmZHdEhLakI4b1BwM3VZcERpU0JKV28za0RSRm9VbnhzZHQzNzVGa3o3alp3WlpTUjhiX0Y3VjlnNHB2V09KLXhBM2hEMDV4US13MXNGSm52NFg2WVBaajlDY1NKbkxEdDJj?oc=5
2026-09-30,Rakennus- & toimitilahankkeet,Tunnistetaan myöhemmin,business park,Imperia Sensa Park: Missä mukavuudet muokkaavat elämänlaatua - vietnam.vn,vietnam.vn,https://news.google.com/rss/articles/CBMiiwFBVV95cUxNVzBzeWx5ZmgtdWRTTVdhbS1XaFh4S0c4Z2t6aTJzaEF2TE1uQUgydXdvZUF4OWxoSUpEV3ltYWxwZy1rNGFlWFdsTmM3SzdSODFEdGhhOWlmbGxNa3JjYm5UNWI5QW5rSkNnNmoyRmY1RkE4azJwOXUzakp6ZFRLS1l0UHBQdkFlTkJz?oc=5
2026-09-30,Rakennus- & toimitilahankkeet,Tunnistetaan myöhemmin,business park,Former Mayor of Imatra Kai Roslakka has died - Imatran kaupunki,Imatran kaupunki,https://news.google.com/rss/articles/CBMihAFBVV95cUxQMGw0bmEwLXJqendJc1RZQkFqUGJwUkJpZk5HUEpqQ1pKQ1FTZGpMLWZjU194LWJYRUZ6T2Rad3BtUS1HM2lCV1VFdWJDeFFsVG5FUkVBOTE4Ri1lUW10TUJXVjZRemRua3ZTRXZnZG1KUzFEQzgwRUlqUWtyY2NHemI0aVE?oc=5
2026-09-30,Retail & kaupalliset kiinteistöt,Tunnistetaan myöhemmin,kauppakeskus,Rovaniemellä kauppakeskus Revontulen katolle voi tulla seitsemän kerrosta lisää - Yle,Yle,https://news.google.com/rss/articles/CBMiQkFVX3lxTFBVdXZWZkd0U1J4N1dYMG9CVTNpZm04MFhnbFhrUGR3Q3B4dEMtaXZUVUhvTHgxQ1dXUlJOWlNGaGdZUQ?oc=5
2026-09-30,Retail & kaupalliset kiinteistöt,Tunnistetaan myöhemmin,kauppakeskus,Sellosali on mukana omilla tarjouksillaan Kauppakeskus Sellon Sembalot-kampanjaviikolla 28.9.-4.10.2026 - Espoon kaupunki,Espoon kaupunki,https://news.google.com/rss/articles/CBMizwFBVV95cUxQdjZaTlI1MDlrUEcyanpQMnprMXJ1LUh5RVRLeGUySjNHRTk2alhCZVlyX2R2OGtnMEVlLW9fcWhpTjkwcjJjZnRsZ3ZDaG9JNXRrd2dyNFhBYTV1eUZXd1kya0QzYVhOdmZOdkhmdExWNWFCeEh1UlJNNjJfaGNZVGlSbjdjalU3bnM1SnpJdmlkaFY5MmlHUG9aMWtRazNxVDNKa1ZYNVVJc0wyVXdYY0t5SXplY1p4dXoyakxxaUktTnhPQS1EUml6QW5xbHM?oc=5
2026-09-30,Retail & kaupalliset kiinteistöt,Tunnistetaan myöhemmin,kauppakeskus,AINOAn vahva vire jatkui kesällä: heinäkuussa myynti kasvoi 12 prosenttia - STT Info,STT Info,https://news.google.com/rss/articles/CBMi2AFBVV95cUxQcUFRZkdWbXc0STZWYTlBU0ljN0lrVFlFb3l3NFdTUEptdEQ0SDlhdHBRc1J2QllLN1MwdTBMZmgwd2lwVjlxbnYxdlFHeXR1MjJPWC16dDdYMnBvbDVtMlFoZ24ta0hXdHhSb3k2Wmhpa0E0d2FqWW4yQV9JVXlrTnFEX2xyQ1pIMkcyMTBQNzZYQjRvSnRfcDV6VTdkV0V4ak5ralNpQjhfZHFrLTlVM0pNQjF3Ym9KUlBocDI2VHdHUFRuZ05KelhlYVRGTXhlTHZMQ3dTYkc?oc=5
2026-09-30,Retail & kaupalliset kiinteistöt,Tunnistetaan myöhemmin,kauppakeskus,Kauppakeskus Revontulen laajennus etenee yhdeksänkerroksisen mallin pohjalta - asemakaavamuutos asetettiin nähtäville - Lapin Kansa,Lapin Kansa,https://news.google.com/rss/articles/CBMijgFBVV95cUxOX0pvcmlGMEViclpWdk1aMlZoOU56NXRKRFBUS09mOGtrdV9UZEptS016TDlBdnkyd0Z2TXFjeFJ4eXNOUVNrdk9IVC1GWlAtSG5mQ3ZZblhjUllUeHN5YWJzeGpyc1dCem5tYlplZ21vTXZTaXQ1WUQ4TVJXcER0MXhjV2luWFVlSHNHcFVR?oc=5
2026-09-30,Retail & kaupalliset kiinteistöt,Tunnistetaan myöhemmin,kauppakeskus,"Kolumni | En ymmärrä, miksi Rediä vihataan - HS.fi",HS.fi,https://news.google.com/rss/articles/CBMiWkFVX3lxTE5KdHNrdEJUbXZPa3V1ZWpDalBubUhBekVUbzVRdVZtVFBkWjZ1UHIxOFkyRE9Lb2Q1M0xrR2ZmcS1kbVp2NEhTV3luUlVid2YzSm9FYmhhajFBUQ?oc=5
2026-09-30,Retail & kaupalliset kiinteistöt,Tunnistetaan myöhemmin,liikekeskus,Outlet-​keskittymä Ikean naapuriin? Tällainen on kaavailtu One Park Tampere - Tamperelainen,Tamperelainen,https://news.google.com/rss/articles/CBMiXEFVX3lxTFAzNlp2bm5lSFRMSE53X1U0QjVXZmRvbkZobU1ZNmdwVnFOS2JBaGlmS3Q0U3RqTkdCRGxZbm1mcWZNekx4SEdBY204eFZEc1FFNWtqcHktTVNRMkdG?oc=5
2026-09-30,Retail & kaupalliset kiinteistöt,Tunnistetaan myöhemmin,retail,Suomelle kultaa ammattitaidon MM-kilpailusta - STT Info,STT Info,https://news.google.com/rss/articles/CBMiswFBVV95cUxNTkpDZ25kSWZKN0ltRDlVWUZsazB2NHRTMm1kalJKRDZfR3YwUnVTRXNwQXdFVktXN2UxM1lHT3JnNFZIbjRPVE55WTVhaXhoMVpCY0ZhTEdSRDhtNDRZZTFNRVhWV2lqMjhIcTdKeVk1T0RnZHNHWlRqV1dhZXJGQ2RyYk9xVmVQcWk1bXA1eGNyRllWbTZlZ1VfVmo2QTN0LVo0dkR1UV9QaVVpQ2JnbE9IMA?oc=5
2026-09-30,Retail & kaupalliset kiinteistöt,Tunnistetaan myöhemmin,retail,"Tekoälykeskittymät laajenevat Euroopassa – Lontoo, Pariisi ja Berliini johtavat uutta toimistokysynnän aaltoa - colliers.com",colliers.com,https://news.google.com/rss/articles/CBMiggFBVV95cUxNbVBhM1VFc3BpcmE3RS10TkhYaFJ6SncxOUhhb0hXRlY3aEdsb2s0N2FBODRwdUhIU1duNmtrQ2FjQ25GWWZwQ3VDM0dIMUpEdGlCeU9HeG1xSmVaNTRhOG5NZzg3SXo1SjJEalVVT2RIeWNCUDVXUFJvSWE0VHRhTWh3?oc=5
2026-09-30,Retail & kaupalliset kiinteistöt,Tunnistetaan myöhemmin,retail,Vaaon opettaja Petri Kautto valmensi MM-kultaa Suomeen – ”Voittaminen tuntui aivan erityisen upealta” - Valkeakosken Sanomat,Valkeakosken Sanomat,https://news.google.com/rss/articles/CBMic0FVX3lxTE82ME5LYTljOXIybVU1bWlkM2R2WjNIYXkyaFlwN3ZFZ2F1eWVRbmdWUm5SMjg0T2p5YWM2c2JleDlTcm5hQWtPLTRyX2ZSQjcyUzJOcGtlUWVDVndWeXZYTTNIR1FTaVZWZ1A5b2ZraGh4NW8?oc=5
2026-09-30,Retail & kaupalliset kiinteistöt,Tunnistetaan myöhemmin,retail,"Catching up with Verve: Q2, the sales build and the full-year outlook - Inderes",Inderes,https://news.google.com/rss/articles/CBMingFBVV95cUxNVnNtVzFjMDl6LVhpSHVTMG1wWmVBZzNJRWJ4YktpbWJQRS00bXluck1ybU1wLWN5Z3hTbndjOEwwWllxNk5YV0p2R0tYelR2NXBBY0dlRGtFYXVfYmhVNURWRkktNzFGNnVTcmh5bno2bEQ5N3V4a0lwOENfRFNSQk5wRmh3bm9aUTc5TldWdk5aNUJoTUFvWFZLX3ZiUQ?oc=5
2026-09-30,Retail & kaupalliset kiinteistöt,Tunnistetaan myöhemmin,retail,Miksi digitaalisesta kokemuksesta on tullut kilpailutekijä vuokra-asumisessa? - colliers.com,colliers.com,https://news.google.com/rss/articles/CBMisAFBVV95cUxPcFR3UWpGR3NmdkVLZU54aWlXTWZYUFJDSTZkQ0llU3RkVlc5RVlWQ1h4QnNZMUlVOENGNUJqZmhWMU5XUVAyRlV6c05lVEVDbEZQVzlHUEJTbWlFbjFqRW5NNklUMlhXcWJKNVFhaFFldnFZM1M5cFRNMUl1dEx6QjZpZF9ucWRtUThpbkpQdFN0SmtObEZ4Qkk5ZklRd3JzU09PWkx0eVhDSWxpQzBtXw?oc=5
2026-09-30,Retail & kaupalliset kiinteistöt,Tunnistetaan myöhemmin,big box,Sipoolaisten pitkä odotus päättyi: Tämä liike tulee Söderkullaan - Uusimaa,Uusimaa,https://news.google.com/rss/articles/CBMiVEFVX3lxTE04RWpTM2w1RDVZRlpEVjBmZUFtcENNdDQ4UWc3emxhYlJscGZEcmpkMHJhRjhMWEl0MllYdlNBaV9VZ0lrUHhpWXV3WjVzdjIzT3V0TQ?oc=5
2026-09-30,Retail & kaupalliset kiinteistöt,Tunnistetaan myöhemmin,big box,#37 Näitä Suomi-formaatteja maailma katsoo + Pirjo Heikkilän jättihitti + Floppaako Domen leffa? - Apu360,Apu360,https://news.google.com/rss/articles/CBMi1AFBVV95cUxQS21TOGZpUXp5dkpDeEFvUUNsNks4VzhjLS1EVjlTcFZtV0M0cm5vdDd2cmZhbTBBRGFBMUpTei1JT1BFVVpxbXRrSmdvakNOTklaUWhnZVk2dzFkaUUtUjREdHd2ZVhLVEgyc3dTVmFKWTBPYVFOWmtEdm41RXdDcTc2TTk4STEyT19xSFF1SUNhNzlLZ05nb0pFZFFFbXduOE1zemk2SnBVOS1MZ3U0eDdMVExxMENhWlU0TlBYQWZETG05NEMySzloQXdFUkZacVk0Vg?oc=5
2026-09-30,Retail & kaupalliset kiinteistöt,Tunnistetaan myöhemmin,päivittäistavarakauppa,MTK ja SLC pyytävät KKV:tä selvittämään S-ryhmän ketjuyhteistyön kielteisiä vaikutuksia kilpailuun - STT Info,STT Info,https://news.google.com/rss/articles/CBMi9AFBVV95cUxNZkdLbE1vN2UyTFNNX0Y5S1BDUjctaDNZTy04R09YRVN4emhIRHZLOEs4TzhQd2xTRTZnT0hEaHRfN0RsYjRQNGtrZEZlYUtlanhZMDVvbEUzUEtGMU1za3JxOElqNzUzSjY3MHdXc0dlN1NSZzRCYmU2eVlSTU9LUm5DNW1EREVwRlA1emJYY0VNSTdDYXlVTDlKUkdybHc0YWdaZzFkYlg4d0JrcEFTUm9ZWTFCNHBSUG90bnllTFRrd0RNRkR2X0YwUGxvY251UHQ0anlGQnMtb2FSYWlSZ1hURm5aaV9FRU1ieXF0QWdxSHJh?oc=5
2026-09-30,Retail & kaupalliset kiinteistöt,Tunnistetaan myöhemmin,päivittäistavarakauppa,Keskon Ari Akseli kommentoi kilpailutilannetta Salkunrakentajassa: Kannattamattomat ovat karsiutuneet - Maaseudun Tulevaisuus,Maaseudun Tulevaisuus,https://news.google.com/rss/articles/CBMihwFBVV95cUxNZ1dBMUhHcXN4UG93YWZXWmJQcVZfT3dnRU1MSS1tcnZyaTFSR0VkOVl4bWhTWGxFNllESDJteUFFTmtCV2JTaGVGb0FSR0lFSjYycVBtR3UxaEFCdHlic1JGeUtfSE9GaGJoaTAwdV9qNTZER0hHZ2tlSDRFbDV2V3lHdWphU00?oc=5
2026-09-30,Retail & kaupalliset kiinteistöt,Tunnistetaan myöhemmin,päivittäistavarakauppa,"Citymarketin tilalle uusi liike- ja parkkitalo? – Pitkäaikainen vuokralainen Kesko yhä kiinnostunut, Varuboden-Osla kuulolla - Itäväylä",Itäväylä,https://news.google.com/rss/articles/CBMiggJBVV95cUxQX292eW55clQ5MU43aE9GeXN1VG1MRm9iMmxiZ01DaU9mRFFaV0FpeUU2azl0UGh5YzNwV2dzOWJlWkQyZmVXNTNaMkF4bUlxU2ZEV0NfVWxkLThDMUc4UlBTUW40RU5kZHVpQm5kQU80X2tVaGhIbDdLRnVtVUdISGlYaUxZV1F4VC1kRWZZbExuVGU3bm85YjZkQ3NHTHVZa3NNMlE0LXFIel8wcEF0SUoyaUxpVENzei05aUhtRk5ORVZkXzhsM1BRa00tYXM1dEs2SkdTWGw0OTdzeVpVQnJTTW1pSEFSbXpoQlRsUjRwWFdyeUZKUGpKLVkyMmZwdlE?oc=5
2026-09-30,Retail & kaupalliset kiinteistöt,Tunnistetaan myöhemmin,päivittäistavarakauppa,Hallitus haluaa kieltää energiajuomat alle 16-vuotiailta – ei kelpaa THL:lle eikä kaupalle - mtvuutiset.fi,mtvuutiset.fi,https://news.google.com/rss/articles/CBMizAFBVV95cUxPNS1HTUZXR2ZuVGpYekRoVVRDTVJsb1NmZVNmRFk5SUFCZEstbG5OYmZFd19KdHhIQTJQWjVNN3ZJVWhINnR1UEVhZlB6aVdlVTl2N1N6dVJlVVhQODA5d1ZMU2dMVXhSODM0OGcyRmhwSWxncmh1amg3bmZyTlR3SUFWbEotcnJOcU9YQ2VVNDRzMWVYcmtSVnpHQUFRR2I3YU03YldLUVdtdHpERUtqWElTc2hKV1dNVWx4R3NBeVNUZXJaSHBzeVI5dzY?oc=5
2026-09-30,Retail & kaupalliset kiinteistöt,Tunnistetaan myöhemmin,päivittäistavarakauppa,"”Yllätys”, kommentoi S-ryhmä MTK:n epäilyä kilpailulain rikkomisesta - Maaseudun Tulevaisuus",Maaseudun Tulevaisuus,https://news.google.com/rss/articles/CBMihwFBVV95cUxOa0dhWG5kWUhNTzhMNTN6NmN5OEtHdDRjaW52MEc3Y20xbnExeTdJUE1SZWRDSGNDckx5R2NFZ2ZWbFZXUzBKd1JQcE1qckpyaXNYWXlwZXdzUjJ6RUdvNEJWdGJ6VF9CTlF3LTVzQkpWT3FnU29rMi1zOGtNTVN3N010LTNaMkE?oc=5
2026-09-30,Retail & kaupalliset kiinteistöt,Tunnistetaan myöhemmin,kaupallinen kiinteistö,Lukijalta | Kaupan liitto vastaa: Kauppa luo työpaikkoja ja elinvoimaa Lahteen - Etelä-Suomen Sanomat,Etelä-Suomen Sanomat,https://news.google.com/rss/articles/CBMiXkFVX3lxTE1HOHhDbkJjOWsxd3ZaaXpiUzdVdnVlTGxhMG5jaTZzQURjMV8xYnZDdEI1X1YwNTFOTFBTdDVXOHNrY3NMeVNqN0NiRzNqVHNQNlYtZ2s0S0RKczdYWEE?oc=5
2026-09-30,Retail & kaupalliset kiinteistöt,Tunnistetaan myöhemmin,kaupallinen kiinteistö,Mynämäen uusi K-kauppa avautuu torstaina - ts.fi,ts.fi,https://news.google.com/rss/articles/CBMiQEFVX3lxTE1mdXNleEgybU1VYVZMZE1hNm9GRU96a0ViVjVLVWhWcndHRGhzYkI1b2VmUDBIX2ZIRzlhanU3UDk?oc=5
2026-09-30,Hotellit & hospitality,Tunnistetaan myöhemmin,hotelli,Mahdollisesti satoja porvoolaisen Runo-hotellin asiakkaita on joutunut tietomurron kohteeksi - Yle,Yle,https://news.google.com/rss/articles/CBMiQkFVX3lxTE9FUktSTVBwQWF1SXpaeHMwbVZGYTZBX3drbGNzVmVOMkQ3dFFLYUw3YVFFQUZ4YWxLNTljOVlpTlk4QQ?oc=5
2026-09-30,Hotellit & hospitality,Tunnistetaan myöhemmin,hotelli,Kolme suoma­laista hotellia palkittiin Michelin-​avaimella – yksi Helsin­gistä - Helsingin Uutiset,Helsingin Uutiset,https://news.google.com/rss/articles/CBMiYEFVX3lxTE9fUDZTM2dXWjhRUHpXbXdyVDZYZ3FjMlpwMXdTMjdvVTlRT2tBRGZCVk9oLUJoenRlaW55Q1M1a3JmRTZUUU1Xc0gxeXFYVkJOSkYwSXJlNUctaHpHenRfSQ?oc=5
2026-09-30,Hotellit & hospitality,Tunnistetaan myöhemmin,hotelli,Huijaukset käynnissä: Neljän suomalaishotellin asiakastiedot varastettiin - is.fi,is.fi,https://news.google.com/rss/articles/CBMiX0FVX3lxTFA1aGRvY2E4VVlMa0FTOTVXQzlVSWt5aHZUMnNqTmd5SHRJVGhmMU8tTjdFVWpGTFRMU2Y0TDNrXzBfZVBjcVJ4MWp3c1ZzeGg4ckVmMHl2SDFWaENmNEJj?oc=5
2026-09-30,Hotellit & hospitality,Tunnistetaan myöhemmin,hotelli,Uutuuskirja | Samppa Lajunen: Hotellihankkeesta yhteensä 45 miljoonan euron tappiot - HS.fi,HS.fi,https://news.google.com/rss/articles/CBMiXEFVX3lxTFBMT05FRTROaXIxbHRHWFN5RmJoeUVVdUNoV2ZhN3EyN2pIQWR3dy1iLUpBdnFjU2Z0aklVLWlrNXZHUGkwV3NfNkZ5ZkpZQ0ZQUzFGMkJudlVBSU9Q?oc=5
2026-09-30,Hotellit & hospitality,Tunnistetaan myöhemmin,resort,Tyven Resort pysyi budjetissaan ja veti matkailijoita jo kesällä – Tulevaisuudenhaaveissa miljoonan liikevaihto - Meän Tornionlaakso,Meän Tornionlaakso,https://news.google.com/rss/articles/CBMi1wFBVV95cUxQNzRnbTVsOUF1NEtBd0J1bktlY05kQ01VVzY2ejNRaTd5Rl8xc0ZINmxjcmR4d2dPS2lmeldWcHpGSVkzV29wVUV5akJYOU5zdWp0eE5KeWlSNjBOMVJKQS1VRjIyVDlvaGFicWM5djQ3V1B3Ri1oV0ktRWRLTHcxOVFlVVIxMEhwamhwN2NlR3hJTmhtVUQ2bVJMZXpGYjQ5Tk02a1ZxbEhuUEJJSExST1lrSEdsMjN2VXg0QUNKTTNzQW42bkhjcEdIU0p2eDMyYzZlTmNQUQ?oc=5
2026-09-30,Hotellit & hospitality,Tunnistetaan myöhemmin,resort,Asuminen | Uudenmaan uudella luksusalueella tuoksuu raha ja raikas mäntymetsä - HS.fi,HS.fi,https://news.google.com/rss/articles/CBMiWkFVX3lxTE9pQy1zazhWZEx3bFVRQW9lN3hYZFB3THNEcENCSlJTTTJpR1RYRXNMYzFFMW80bF9BZFNKaDh4ZXp4NGR3Y18ya3h5aWZIYnNYLU9UQU4tMGttZw?oc=5
2026-09-30,Hotellit & hospitality,Tunnistetaan myöhemmin,resort,U19-pojat päättää Espanjan turnauksen Saksa-otteluun - Palloliitto.fi,Palloliitto.fi,https://news.google.com/rss/articles/CBMimAFBVV95cUxPSFZFcTFBV0pnajItNWozc3VvaURlV2F6dGg2WEplYm9jNEM0cE5xd01SSnlrREtRWDFlMUF4NlY0VlZHSWwtUUl1WGoweVJCNHpqTE5KRlY0NUJYUGVLXzNkOVczazl2WDhQaVlCQXVHeTZ1WHNnMDh4TXNkc080cjdwY2VrMHFxZnZlOG5mZXdUZkJhS1Q4dg?oc=5
2026-09-30,Hotellit & hospitality,Tunnistetaan myöhemmin,resort,Lappi täyttyy laaturavintoloista: Rovaniemen Gallis yrittää hurmata turistien lisäksi paikalliset - Avecmedia.fi,Avecmedia.fi,https://news.google.com/rss/articles/CBMi4wFBVV95cUxOOTFRcHphdDJEQmpaaU1taGxDV2lGbURLWGVRWjg4cGtPOWVzTUJNSUVRV3hrY210b0ZXWFlFZFBNNGV2bGFTNzNoc1BQb0dBNnFjQ1dLNl9iUlF3ZDhUcjFrRGppdEpFbnR5bjVySE4yY0pDLV84MUkyUFIySXEwamRSVmRmODFFVHpuSTF4czk2blZhSlhzekczMHdDSWd0VUowQm9iQzNIaDNMS0dPZ2J6bndzQzQybVJLSFBmTjR0OVBCSlF2aXQyb0xhdVJHbnJuYjJtMlRsUkoycGlNR18wQQ?oc=5
2026-09-30,Hotellit & hospitality,Tunnistetaan myöhemmin,resort,Lapin matkailujätit hakevat nyt kasvua naapurimaista – Visit Finland: ”Vastaavia esimerkkejä ei löydy muualta Suomesta” - Yle,Yle,https://news.google.com/rss/articles/CBMiQkFVX3lxTE8wSFJRYnBuSzhFN01NdnpTelBJbnU0NUh3VnlhTU92U2dxRGhCaUt0cjNBSl9ERlJEM3FOLU43LWMzUQ?oc=5
2026-09-30,"Logistiikka, infra & datakeskukset",Tunnistetaan myöhemmin,logistiikkakeskus,KNAPP toimittaa automaatioratkaisun Keskon uuteen logistiikkakeskukseen Nurmijärvelle - Osto&Logistiikka,Osto&Logistiikka,https://news.google.com/rss/articles/CBMizgFBVV95cUxNS0JjNTlKdS04NWE1NmhycTc1TFh3SG0ySWhNTDU2Q3dzQ2VMbnplVG00dmx6NDRLN2ZBZEtnOW1COXVaamlEaGctTTlPTTJwZ2NZWUlqalotUjV5eHpvYlFIakpQVV96S2RqZUlSd0lDOElXUW11TG1nek1Cb0U1MXpJa3lLYjM0SEx6WmdOSDg2RXZVRmJsdWVNcmJsSjhIQ3c3ZV9fMkVaRkh1LU9oS2JMNEhPbHNuTXFVcVl0bndCRDd5MFVYR3pKSW1pdw?oc=5
2026-09-30,"Logistiikka, infra & datakeskukset",Tunnistetaan myöhemmin,logistiikkakeskus,Ketterä geotekniikan asiantuntija tarjoaa laaja-alaisen osaamisen ja toimivan asiakaspalvelun - Tekniikka&Talous,Tekniikka&Talous,https://news.google.com/rss/articles/CBMi6AFBVV95cUxQU1FsZ21uMFR1UUVGZ3QtSlJDNDhRRTlweURkWGJ1anNYeDAwZ2lxOTU0R29mZ05XS3FISlJncmp5VHRwX3EzMUN1Z1IwWDhMSzJNRmZsVVRBWWdpdTJSa3J6eXRVMklUVnB5ZXpuY2dQRGFPWDNaTTJNWnJCT0t3YjZGbDFzM3JqRGJXOHA3NVVLZ1pFOFZ5U0Jjc2pCajhKRmNuSmtzWkV1UzY2ME4tMHFDWGdQaC01Mk51N21zemRwcnhiQUhXU19fYWw3UkFxcFp6V0pKbnpMM0JEVW9NMC1vUXhvMFhM?oc=5
2026-09-30,"Logistiikka, infra & datakeskukset",Tunnistetaan myöhemmin,logistiikkakeskus,Dong Dangin ja Lang Sonin rajaseudun talousalueesta on suunniteltu kansainvälinen logistiikkakeskus. - vietnam.vn,vietnam.vn,https://news.google.com/rss/articles/CBMitAFBVV95cUxOZFFkV0hvUkltYkwtVThLS29EQ3RmT0phR1g2SkhVYnVBU3RMRzIxZUxjQ1RRQlZNVkFlcktNUzRNMEdxZUl6NnhEU2p1ZjV4b3hyaUEybWJ2QmFrTy1PU2JFdXh4X3Y2d1h5QUswbWxLRnR5NWY3MUdaT2VzcHRvU05DNTdlU1FnbDYzb2JwTVVkSjByYmNQUGRzRF9nSkFPa3FfZjdmd3ZwVWxfMmlObEU0QjE?oc=5
2026-09-30,"Logistiikka, infra & datakeskukset",Tunnistetaan myöhemmin,logistiikkakeskus,Phu Quocin kansainvälisen lentokentän yleissuunnitelman mukauttaminen ja kiitotiejärjestelmän laajentaminen. - vietnam.vn,vietnam.vn,https://news.google.com/rss/articles/CBMiqgFBVV95cUxNbHhkZU1tYkJyVWxjbnFsZ2J5bUZjTGtWaTVNcTBrNHpiZ1N5RVNQSFllS0g0LU9MVUsxYzVpbGZnaG5ma3A5SXItQTVBUnRPS0ppeDJlemI4ZVpZZXFsemxqYW9QRXlISUh1NEVDTDdfXzBJendsR1M2N0V5dVEtek1ubnhBbXJ1ZlB2dmxaUV9jSFA0aGZtV1lWbHRYdnFRQktNYWRYdXlRZw?oc=5
2026-09-30,"Logistiikka, infra & datakeskukset",Tunnistetaan myöhemmin,logistiikkakeskus,Zelenskyi paljasti Ukrainaan tällä viikolla hyökänneiden miehittämättömien ilma-alusten ja ohjusten määrän. - vietnam.vn,vietnam.vn,https://news.google.com/rss/articles/CBMimwFBVV95cUxOeFVTblkzb29xV3RLOXEyWXNTY0NIVjVpRVdGLW9kQ3NtRkJsOFVpV2NxdzM2dDd3b1pKVmxVZTVDMmVvcVBLX3BhNzdjSlVlUmVvTHVHT0RFVTRiaGtTOVFObWhQN3UtSXVXc2I3ek0wY2ZtNTZqZy1zVjk2Q0d1TlFuWUFfWTdKMF91UUR1Z05PdEYxZ1djM1llMA?oc=5
2026-09-30,"Logistiikka, infra & datakeskukset",Tunnistetaan myöhemmin,datakeskus,"Riihimäelle nousee tekoälylaskennan datakeskus vanhaan leipomoon – toinenkin, isompi hanke etenee äänestyksen jälkeen - Yle",Yle,https://news.google.com/rss/articles/CBMiQkFVX3lxTE1YaFBUNEQ1OV9ZSHY1bEtJWGw1VGUzMXdaRVY5WnlGNWNiUnNTbkx2MlNwVnlXejFPTGZfV3NpYlJXQQ?oc=5
2026-09-30,"Logistiikka, infra & datakeskukset",Tunnistetaan myöhemmin,datakeskus,Datakeskus pystytti 62 luvatonta jättigeneraattoria – Sai miljoonasakot - tivi.fi,tivi.fi,https://news.google.com/rss/articles/CBMidEFVX3lxTE5BOWxTLUlkSGdScFFZaVJ6Y3VlMDVwbGZnVzA0RTQzN0ZYc3ZkeGRfeHVSeS1xeGp2VWxjYVoyYTFjcGxNV3Jua1RuREhmcExiV19ZVmpnWDBjUmlSeEFBRFNIU3Z2YkstMjFINkpaTTBxNVIy?oc=5
2026-09-30,"Logistiikka, infra & datakeskukset",Tunnistetaan myöhemmin,datakeskus,Rakennusbuumi | Tio Toivonen meni töihin datakeskuksen työmaalle ja haluaa nyt varoittaa muita - HS.fi,HS.fi,https://news.google.com/rss/articles/CBMiXEFVX3lxTE5sbTNDekFGcEJTZEJtX3JKN2xac1UxMGM2eU5VWm1uUnY5R2NPVy1LWjdReDUwRjJNU195VjlxdkN6cXhxWVFFbXYzRW5RT3dMc3dQendINmRCZWg1?oc=5
2026-09-30,"Logistiikka, infra & datakeskukset",Tunnistetaan myöhemmin,datakeskus,"Uudet tiedot: Utajärven datakeskuksesta tuleekin 7,5 miljardin kolossi, rakentaminen alkaa pian - Kaleva",Kaleva,https://news.google.com/rss/articles/CBMiiAFBVV95cUxQcVh6ZFFiOERGcVBNSUFJVzNGc3RKQ3E5Y3dmcW9pMGNXSC1menFOd1FHcXBZRW5BNl9RYS1HTUd6b3VuRFdWb1pTVTRKb0NMSmtFNWZmdndXUHR6YnRPZUVyX2JFNGl5UGk5UGZGcFRTQXpXU0ppOENlVXlIY3dmTndQWjdLT01p?oc=5
2026-09-30,"Logistiikka, infra & datakeskukset",Tunnistetaan myöhemmin,datakeskus,"Datakeskus tuo Tarasteelle uudenlaisen toimijan: ""Hukkalämmön hyödyntäminen luo mahdollisuuksia alueen kehittämiseen"" - Kangasalan Sanomat",Kangasalan Sanomat,https://news.google.com/rss/articles/CBMi3AFBVV95cUxNXzRNVmZxUl9NVzNDZnpRRXY4TE5xbWpRcFVxSWtCUV9jWDB2clY4LWJNV2JEMFdoSldOMnpMZl9UbWhweE1HeHZVQ2R0Y1hyU1gyZnhjeERnU0RlVXIzVVBuc09vVFgzUy1seUx6MWN4THJKMVJNdjUtbDNCNHFZVVdYQzYxVmxnVWlwc0pxRmxEakM4cEtiSHhJaFZCNWh6R0J1NFhnTlFCQmFDWE5LV2RVankwY0haN3ViWkVKNXQxd3ZrUGxlbEVJZHdZaWszWGtmVHNDR0VCUzVr?oc=5
2026-09-30,"Logistiikka, infra & datakeskukset",Tunnistetaan myöhemmin,varasto,Varasto Ke 11.11.2026 klo 23.15 - is.fi,is.fi,https://news.google.com/rss/articles/CBMiXEFVX3lxTE40TzNSd0U3TWU5WW1Jb2J3WXN0cmE5Mmtlc2NfMDdGcno2ZGgycjBJbGJqQmZjQmNJSndKcHlBSGxtT1RnNmF4cUEzVlVSb1hGU2hyU2p2QmcxQkVY?oc=5
2026-09-30,"Logistiikka, infra & datakeskukset",Tunnistetaan myöhemmin,varasto,Varasto J106 yhdistää voimansa tulvan seurausten selvittämiseksi. - vietnam.vn,vietnam.vn,https://news.google.com/rss/articles/CBMigAFBVV95cUxOUG1RUDEyZ2V5RXZvQkUwN00ydDFTakRWc2tjTWRtTDFEY0NtTHhMVnZJd0JkSGRNYXlxYjZjSzdzVVR1WDh1WnlCRk5WUkhjd1lWSVphRlJ2TWZ1a0JSOW9XblMtMExQZV90bDB2eVdtTmh3UkdwdGtoczRyS0FYYg?oc=5
2026-09-30,"Logistiikka, infra & datakeskukset",Tunnistetaan myöhemmin,varasto,Asiantuntemusta lasiratkaisuihin suunnittelusta toteutukseen - Tekniikka&Talous,Tekniikka&Talous,https://news.google.com/rss/articles/CBMivAFBVV95cUxQeXRac0Q5MGFacV9vNWE4QzVpZ0oySTFCQzQzRUhxV0Nxa2tzM3FpeTFYZUlfVENzSlduU0NkTlhuZm9aR1NXNUthOU81dGU2WXU5NE9TOXFMeGRzbXZna2VfS1JfVlBkV05xQzFKbWVFaWMyWFYxMklSM3NjenVBYWFPNzVjZ0tXVC1McGhNaTRPbDJNT2NHYVpMdFlRQnEyY2lGNnFXNmJfRnZjb1FUQzVBTnRHdjgzZ2FBag?oc=5
2026-09-30,"Logistiikka, infra & datakeskukset",Tunnistetaan myöhemmin,varasto,"Oskar, 21, keksi teininä idean, josta on nyt kasvamassa miljoonabisnes - is.fi",is.fi,https://news.google.com/rss/articles/CBMiZEFVX3lxTE9MM2UyRV9tWlVxQTVlQVdnNXV5Q2FPS0lqa25uSlBQQ0gxODFtNkVsdlh6S09KczZUMDlPV0FibEdYbi1TMTUzdEhkR0dGRDdsNUJoWGJhWjZOZndleUNRdkZCNHg?oc=5
2026-09-30,"Logistiikka, infra & datakeskukset",Tunnistetaan myöhemmin,terminaali,"Tapahtumat | ""Liikkuva automuseo"" pysähtyy tunneiksi Mäntsälään - Mäntsälän Uutiset",Mäntsälän Uutiset,https://news.google.com/rss/articles/CBMiYEFVX3lxTE1LSkhuMk1oNnNsSEtYVS04RjVqd3lMcDVwQmxKZE9tNUtLMEJVT3JVTDIzNU9WTEZmaTFlbHFFNnNNNXllc3NRaGhuSnhuR1htVE9sZnNwbzNUR3cyM0xrNg?oc=5
2026-09-30,"Logistiikka, infra & datakeskukset",Tunnistetaan myöhemmin,terminaali,Yli 7 600 ihmistä kilpailee aikaa vastaan ​​saadakseen Phu Quocin lentokentän valmiiksi ennen APEC-kiistaa. - vietnam.vn,vietnam.vn,https://news.google.com/rss/articles/CBMikwFBVV95cUxPN0Q4UnlGdHFxY3k2eWtUTHNneFY4akl5TktLalBIdHpmZVN1amdKM0JTUDFIMXlMYTR4V1NieVU4cEJYZ3VUc0pkc3pjVE5oQzVqWGhodk45UU1Qcml4RWVYWkJIMnI4OEdmWUYtMVhIa3BSMzVyQnVWYnFlZDVCVmYxWG5vOG5aRS1rVWs0dDB0WUU?oc=5
2026-09-30,"Logistiikka, infra & datakeskukset",Tunnistetaan myöhemmin,terminaali,Phu Quocin kansainvälisen lentokentän terminaalin T2 rakennustyöt kiihtyvät kohti valmistumista. - vietnam.vn,vietnam.vn,https://news.google.com/rss/articles/CBMikwFBVV95cUxQVHh4WG9fZmNidF8zampCQ1htN0lSNlpmd0lLWk1wbjBMLWtNdFUwNmxIc0x2dlhoNmxkWGVDeGVmcTNtaUJtTkRsNFlKRGEzdWRzX2tVWmVNelhHWHFidnl5Z3hVR3ZuT2ROb0tqNk9WZ1d2NzcxRlNlRndWb19wUzNrZlU2VHUyZ3p2RzlyWFpuVVE?oc=5
2026-09-30,"Logistiikka, infra & datakeskukset",Tunnistetaan myöhemmin,terminaali,Long Thanhin lentokentän terminaalin sisällä ennen koekäyttöä. - vietnam.vn,vietnam.vn,https://news.google.com/rss/articles/CBMijgFBVV95cUxPbVUxb3dpX0F4QzNpZ0lxQ1R5LWl4QTN2SnBzWGhQbG1Ia09DZkhweHkwRjNNcjdBS0V3NWZjbHJVVmhjMzRhOEx3U0xPX3R6NE1SdUJ1Ym9VMjZRQWRxMnRuaExnQ2tIV2dBN0FZalQ4bXd1d0szLU9tQUFyUHU0cVBPcVFtUmVPeENEckZn?oc=5
2026-09-30,"Logistiikka, infra & datakeskukset",Tunnistetaan myöhemmin,hyperscale,Iin Isokankaalle suunnitellaan neljää datakeskushanketta - Rantapohja,Rantapohja,https://news.google.com/rss/articles/CBMijwFBVV95cUxNV19WcFM3UnVaSWxXNXJIUEpacWdHbDBNNmQ0T2FoYXc5UUZLQ21yZ1NBN21IZ05CQzMybnJFc3VzNV94VE9pemJLLUxaVTRrTnpGUWFnamg4WFRZVy1EWVBjdE1OamVoc0Y4TEtEYjlVaDVXaWlLaEk0WjBhWkJodWJYb25QQzhBZHRKT3VNVQ?oc=5
2026-09-30,"Logistiikka, infra & datakeskukset",Tunnistetaan myöhemmin,vihreä siirtymä,Hyötyjä vai uhkakuvia? Etla-seminaarissa pohdittiin muutosten vaikutuksia kilpailukykyyn ja hyvinvointiin - Elinkeinoelämän tutkimuslaitos,Elinkeinoelämän tutkimuslaitos,https://news.google.com/rss/articles/CBMi1gFBVV95cUxQMjViUUtiSTE0MHUwVi00eDN0dGRNTmszaWc0SVRIUDN2S1dVM0djNklWdEd2bFB3bzg1dEhEMmx5bzBxdWNOWXhHS1ZySzlVZWFKZVdLeGVSQjJ6aVZSSDY3RHQwM3ZtUGlFU1Voc3hMYlRYcWFmamZCVGMybllqVS1xWUxHV2RYb2gtTUQwOGU5SWZxYnh1bVhvRjV4dW5NVGVOTjF0Qno0NWJfNVNmai11VE9sOFROZHFlMDhMaHlMMWhjeFVzTHh3RXJ4ZXgtTUpCV1pn?oc=5
2026-09-30,"Logistiikka, infra & datakeskukset",Tunnistetaan myöhemmin,vihreä siirtymä,"Lahti isännöi vihreän siirtymän seminaaria Brysselissä – ""Yhtä tai kahta paikkaa vaille täynnä"" - Etelä-Suomen Sanomat",Etelä-Suomen Sanomat,https://news.google.com/rss/articles/CBMiT0FVX3lxTE51QTJ3VjMxNnpKVUZQMmNEdy1GQWJiWDNKOWhydFNfSEpLNmpKY3ZDOU50QURZbzNoaTJhVTVmZmN6a2JsZU80dU45Tk9wQ1E?oc=5
2026-09-30,"Logistiikka, infra & datakeskukset",Tunnistetaan myöhemmin,vihreä siirtymä,Tasa-arvo tärkeää Pohjoismaiden kilpailukyvyn kannalta - The Nordic Co-operation,The Nordic Co-operation,https://news.google.com/rss/articles/CBMijgFBVV95cUxPNDVGUTFlVU9EUlJvU3ZzWHpxRWZGQTMyUkNQZUJualMyZXM1QVpjSmZDQndYdi16cXFnelFYZ3FVT1d1eUEwZ0xqWGNFQ25uZmc4cWFINGh2LVlldVlRbFdaOTdfdFVoRks3ZmZ0SGxTbDN4NDhYUXZVa0ZpZ1FWbWtpTnA5aDdrdFF2QjZ3?oc=5
2026-09-30,"Logistiikka, infra & datakeskukset",Tunnistetaan myöhemmin,vihreä siirtymä,Ilmastonmuutos ja Suomen huoltovarmuus - FIIA - Finnish Institute of International Affairs,FIIA - Finnish Institute of International Affairs,https://news.google.com/rss/articles/CBMicEFVX3lxTE5hSlJKb2hHQ1I4aUpVdzZwYk5xaG1DdVhaVHBvYXNQWElnQmdTMVdReUhSVnViaXR0TFF5RWxUS1hsQTlsVHJzRDI5MU9NUkcxSjhGV0FsWnk1eVJzaVY3QmhrYW02Y0JlVm1zOUlqVzQ?oc=5
2026-09-30,"Logistiikka, infra & datakeskukset",Tunnistetaan myöhemmin,vihreä siirtymä,Kolumni: Pelkkä huoli ilmastosta ei muuta maailmaa - Kirkko ja kaupunki,Kirkko ja kaupunki,https://news.google.com/rss/articles/CBMiiwFBVV95cUxOVXJlVmpKWHRmcjdRVG5aY3pWVy10eUx4elZsQks3aGFuSFo1ajJ1T0RmN1FGTUEzX3Zya3U5RUk1T1VzbkZoRTE0N0ctUGpOMVpoX2NBQlBWSnZiVjFHLWtHTDdGYlFGTmZmSTIwc2k2ZjJjQVI5TTVHSThNS0ZCMTdaNUdycFVGZ1Bj?oc=5
2026-09-30,"Logistiikka, infra & datakeskukset",Tunnistetaan myöhemmin,ratahanke,870 km jättimäinen ratahanke etenee hiekkaisessa maaperässä – T&T vieraili Euroopan suurimmalla rakennustyömaalla - Tekniikka&Talous,Tekniikka&Talous,https://news.google.com/rss/articles/CBMigwFBVV95cUxQVFNaNWVZLVhIeFdJR3JkZzZnX2NkclZXVWpfRU1vMTJqVHM0NVlIWEVxNkZoYjUteVJZblZlNS1taXZVMTRMUmJuSTZBUmFzd01sN0NPVTJ1OG5mY1Z2VTBkeUU1cmZ3RzlZV3A5TjJodDBCVzlfWjBVaEpDVVRGb3kyRQ?oc=5
2026-09-30,"Logistiikka, infra & datakeskukset",Tunnistetaan myöhemmin,ratahanke,Mielipide | Savon oikoradan Lusin linjauksen edistäminen nykyisillä tiedoilla tulisi pysäyttää - Itä-Häme,Itä-Häme,https://news.google.com/rss/articles/CBMiY0FVX3lxTE8tT01xMjljblc3R2pmTWp2ZWxWd19IamthR24tdzdydjVhaGxoY2ZrS284SGRkT1ZpVm9JeThYaTAxOTVLcVpBMUFPbzgySTVaVmVDTmZKcVJnZlIyX1BadVViRQ?oc=5
2026-09-30,"Logistiikka, infra & datakeskukset",Tunnistetaan myöhemmin,ratahanke,"Tämä 43 km pitkä Venäjälle johtava väylä hiljeni – Suomi maksaa silti Venäjälle 1,2 M€/v eikä aio purkaa sopimusta - Tekniikka&Talous",Tekniikka&Talous,https://news.google.com/rss/articles/CBMigAFBVV95cUxQOENzQV81OXY3bmhyU29kdDVtYmlxZU5WV2xsUW52WGJPUUt3WEFTZlM2ZzhGZDJWbHBaWkZhTmx0NFVtZmZXdkl3aTBBRE5lVzJQbDlNTEJkY2kzV2tubGJ4TENVaGRQOWRhcklKblpobEVUcHBldlVUMVNYRVpEWg?oc=5
2026-09-30,Hoiva- & yhteiskuntakiinteistöt,Tunnistetaan myöhemmin,hyvinvointikeskus,Katso kuvakooste | Näin Valkealan sairaala muuttui hoitolaitoksesta autiotaloksi | Paikalliset - Kouvolan Sanomat,Kouvolan Sanomat,https://news.google.com/rss/articles/CBMiX0FVX3lxTE1GQUFRWTFmb1REZ3l6cDM2TWE1UGw4VlhCSXljTXhYUnViWU1qQ1Y1RVJ3T1R3eWYzMU1zZEpUQ1V1N29aRU96d1o5QWV3eUNWV296dVhmM3N1d3ZDWmNZ?oc=5
2026-09-30,Hoiva- & yhteiskuntakiinteistöt,Tunnistetaan myöhemmin,hyvinvointikeskus,Ongelmalähiöstä tuli terveyspalvelujen mallioppilas – Tampereen Tesomalla jonot lyhenivät - Yle,Yle,https://news.google.com/rss/articles/CBMiQkFVX3lxTE43S0c3NVVwYUFXc3JtVERUb1BwX25tMExQUFU5MzBBRkR0ZU5ZaFdSSHhKdEhPYUQyOEZISzJYVWVWQQ?oc=5
2026-09-30,Hoiva- & yhteiskuntakiinteistöt,Tunnistetaan myöhemmin,terveyskeskus,Uusi sosiaali- ja terveyskeskus rakennetaan Jämsään - Jämsän kaupunki,Jämsän kaupunki,https://news.google.com/rss/articles/CBMimAFBVV95cUxNc3M1NGVZTXVtSzg2RDRaZXBmYXNsTGVadDNJR29GS09YbkVfM0RwRXh4MkVaTzZSelVzVVdrWDJ0eXN6cTBpdGpZNEtjNHgxdE82NHdXa1E5Z1JaVFJEMHEtZVZ3RWhPSDJTNjR3QWlmQkMxRVJ4dFBlUDE0WUhGUnhBZDZDQVRyVmhFRjNkd2Z1SEl1V2g0bA?oc=5
2026-09-30,Hoiva- & yhteiskuntakiinteistöt,Tunnistetaan myöhemmin,terveyskeskus,Urakka | Terveyskeskus puretaan osissa - satakunnankansa.fi,satakunnankansa.fi,https://news.google.com/rss/articles/CBMicEFVX3lxTE82dWcwLWpISHhNcE5oNDdIdVFDT1FEc2VTT3dVVFdNSkdVUU1ZdHJGTUtSc3lXN1dia1ZDQXVXTWswYW90eE9qc0Z2X3c5TUhqbXd0OUEzWEd3R3k1UnBYYW9DbEYtcFVpYkdnNnVFUGc?oc=5
2026-09-30,Hoiva- & yhteiskuntakiinteistöt,Tunnistetaan myöhemmin,terveyskeskus,Etelä-Pohjanmaan vuodeosastojen lakkautukset joudutaan harkitsemaan uudelleen - Yle,Yle,https://news.google.com/rss/articles/CBMiQkFVX3lxTFA1VGV2aHFoWlp5UUlna1ZWbnM2X2l0a0k1anVJRFFJdVRPMjFINThhWTI1Zm42WEVxQzVmWk9BX3QyZw?oc=5
2026-09-30,Hoiva- & yhteiskuntakiinteistöt,Tunnistetaan myöhemmin,terveyskeskus,Potilashoidon laadun parantaminen ammattimaisen hoitotyön avulla. - vietnam.vn,vietnam.vn,https://news.google.com/rss/articles/CBMiqwFBVV95cUxQNVVQVGwzYjhpVXNBanlqdzBtLTVMbG84U2swZ1lkVjJlZEZCb3dBUFg5LWdPcFUyWmoxWXlwSDVVOXhTRmFvOFkxeEd3OUhHUS1zSWVTLVNTdGlSRVBPRTd4QXpPV3JHaTNxTElUOHUzdF8tWFZWVGpjRWRZUlpKUXV2X3VIdkZfNG90czl2ZGs0eVFXNUVmMXRXZThfb28yc1NOVEhzV2RXYk0?oc=5
2026-09-30,Hoiva- & yhteiskuntakiinteistöt,Tunnistetaan myöhemmin,palvelukoti,Hyvinvointialue päätti lakkauttaa pikkukuntien palvelukodit – perui päätöksen jo kerran aiemmin - Yle,Yle,https://news.google.com/rss/articles/CBMiQkFVX3lxTE5abVNYY2w4QUs0SXJaSWxiOVpQNlhLRDhsOHVUQXJ0Sk9LS0RzcTJNcUsyR2RXdjBNSFNxX0c3UmNlUQ?oc=5
2026-09-30,Hoiva- & yhteiskuntakiinteistöt,Tunnistetaan myöhemmin,palvelukoti,Mäntyrinne suljetaan lokakuun alussa – ”tosi suuri suru monelle asukkaalle” - KMV-lehti,KMV-lehti,https://news.google.com/rss/articles/CBMiZEFVX3lxTE1zMFZVQ29GSkVMUmF1ZkQtTVNHQUxac05CN2lVOUxaaFc1dGpXUXM1V0owd09TaGlRcG1ieXR4d09FbWJxY1JITWxrVFhXLXBKNW1oT2hoSjBRdEVCNjRNNTlLekw?oc=5
2026-09-30,Hoiva- & yhteiskuntakiinteistöt,Tunnistetaan myöhemmin,palvelukoti,Kauppakadun hoivakotia ei tulekaan Kajaaniin – syy on tässä - Kainuun Sanomat,Kainuun Sanomat,https://news.google.com/rss/articles/CBMingFBVV95cUxPaE9rb3lrY2ZYSnJfTlBMT1pzSGlDWVlEcWhnaWp4TUszUlJzcno3NER0LVRYNEVnTVRUQU9NTi1sZC1WbHZweGxjYzNwWERCTzhyRnhWNWg0RVE1ZXl3UkdadVI4QV9HT1JjbG5xZnJRT01MZUNaV0UyNm1yV2VudDJUTEg2M0JHa1hneHZ3Uk1sdmVpVG5BN1hjNVdHdw?oc=5
2026-09-30,Hoiva- & yhteiskuntakiinteistöt,Tunnistetaan myöhemmin,palvelukoti,Käpypuiston uusi asumisyksikkö avautuu Varkaudessa – avoimet ovet lokakuussa - Warkauden Lehti,Warkauden Lehti,https://news.google.com/rss/articles/CBMiXkFVX3lxTE12dFg1aGZJWkNiQ182V25GT0k0bm4yWXlUWTBNRGV5LVdXRTB6ZjdHdjR5bVRraTBSRlRTSmh2R3ZfQXNwcThBbGZ5dzFINVk1dVdhR3BZT1ZOa1BZTlE?oc=5
2026-09-30,Hoiva- & yhteiskuntakiinteistöt,Tunnistetaan myöhemmin,palvelukoti,Lumijoki ja Pohde sopivat sote-kiinteistöjen vuokrista – terveysasema vuokrataan viideksi vuodeksi - Rantalakeus,Rantalakeus,https://news.google.com/rss/articles/CBMijwFBVV95cUxOTzVlV1BoS0FfTmNvR2U1TTNIRWhYLS05SGVfWVc2QnBQVUtHdHplbXNWcWxUM1F4UVFRbWJ1MjAwdjNHN0pnUldBbVVZWXJYbHRGR29iSkx6OV90WTlhYndEWFFIeEdYdHBrMDFXVWV5SkxLN1QxVnZzZVhxSFZGR2dFVDd1ZWlfUVBjbGRsNA?oc=5
2026-09-30,Hoiva- & yhteiskuntakiinteistöt,Tunnistetaan myöhemmin,sairaala,"Näin Suomen sairaalat varautuvat sotatilaan – ”Erikoistiloja” tekeillä, materiaaleja tilattu haavoittuneiden hoitoon - Uusi Suomi",Uusi Suomi,https://news.google.com/rss/articles/CBMie0FVX3lxTE9waHI0cjdkNFR1VXVJQ2xBQ3hiV1Q3RlR1eUFmN01iTWlWRGVWV1BTSjFRVFI2NjVlejF4QzZ5clJPU0VPdHJRQ0ZWLTJVQTR4SlA2SzVGMGItX2I3NnozVzZoSzl1aUg0UlM1dGRCVzVrVXBULVZTNXczWQ?oc=5
2026-09-30,Hoiva- & yhteiskuntakiinteistöt,Tunnistetaan myöhemmin,sairaala,Länsi-Pohjan sairaalan supistukset näkyvät nyt henkilöstössä: ”Työpaikkoja katoaa aika reippaasti” - Lapin Kansa,Lapin Kansa,https://news.google.com/rss/articles/CBMijgFBVV95cUxOdzBWUGVjU2VURk1DMUVsMkFTa1Raa1lLZXI3QUtNTGRRc0l4WEtBc256SHlKaW43NG45YzNoUGlhRVU0b2ZtS2pxYkx6dVRGSThtZXVYdDFNdjNFSVlXY1NWamdsTmg4c1prNUJCXzQtc0RTMDJRZG01Z0drb2doZkJNalJmbEM1c1VrWVRB?oc=5
2026-09-30,Hoiva- & yhteiskuntakiinteistöt,Tunnistetaan myöhemmin,sairaala,"Synkät paikat | ”Se oli heidän kotinsa”– Röykän sairaala oli ainutlaatuinen yhteisö, jonka lopettamisella oli traagiset seuraukset - Aamuposti",Aamuposti,https://news.google.com/rss/articles/CBMiV0FVX3lxTE1rcnZ5THI4Y1FGZzVTMnRJWThDdDA3dGoydlB2c1ZCX1hmRGphVnkwYmx2V0N4YlBKSlp1M0Y4czViUzNMeDhIU2JocHZxbFEwTmxxalBYTQ?oc=5
2026-09-30,Hoiva- & yhteiskuntakiinteistöt,Tunnistetaan myöhemmin,sairaala,Laakson sairaala-alueella porataan geokaivoa kohti ennätyssyvyyttä - Rakennuslehti,Rakennuslehti,https://news.google.com/rss/articles/CBMipwFBVV95cUxObHY2REJvdXNsT2EwQUJlVy03ZWN0aloxS3ZHamd4SzQwUkhrUkxCU3BGUnJmcndfcm9ZdC13OHJMRy1CcF9yZVVTQllrN25IN1YyQ3V2aGRtUmVyVnRRMExzTnpRNVd6WE1OQmRNZzVqNkdiaDhTWDJZWXdxb1lUUTVxci1Ddk8ycno0am9wN3ZzTmFlajZGR1l6V3N5VWFoQkllMjBZMA?oc=5
2026-09-30,Hoiva- & yhteiskuntakiinteistöt,Tunnistetaan myöhemmin,päiväkoti,Lapset | Espoon suunnitelma voi ajaa alas toistakymmentä päiväkotia - HS.fi,HS.fi,https://news.google.com/rss/articles/CBMiXEFVX3lxTE9UYURUdWp6UmFCY0FKei1aMmQwNjFhc0JuYlhQQzVzc1RfTnJKQW56UDJDaTZOWk1aMlJVUkU3Ym12U1dSV0RoV2p6N1IyMUE3RmJ2YkhQdmxGTDNI?oc=5
2026-09-30,Hoiva- & yhteiskuntakiinteistöt,Tunnistetaan myöhemmin,päiväkoti,"Lapsi putosi kaappisängyn ja seinän väliin Lempäälässä – nyt viranomainen selvittää, toimiko päiväkoti oikein - Yle",Yle,https://news.google.com/rss/articles/CBMiQkFVX3lxTE15TnItbUR2TWVhc0R2TC1mbWo2ekJkUzNjaUtwZlZiZnZsWkpxOVBXSzkwclNta2VxMVdtWXhkY2x2QQ?oc=5
2026-09-30,Hoiva- & yhteiskuntakiinteistöt,Tunnistetaan myöhemmin,päiväkoti,"Oravapuun päiväkoti, tilahanke - turku.fi",turku.fi,https://news.google.com/rss/articles/CBMiZ0FVX3lxTE1SWU1kS2xKc3FPblo3c2pTeGpxV3NyUXlLSGZDSkVhU1ZRMld0ekJuTTlqN0xQS1h5QlAwRGVvNGUxaGlNTW5Oc1dDZFVlanRRYXZwVkdoN1lRdk0yNDQ5UHVwM25hMWM?oc=5
2026-09-30,Hoiva- & yhteiskuntakiinteistöt,Tunnistetaan myöhemmin,päiväkoti,Päiväkoti ja monipuolista asumista Kiltaveljenmäelle - Espoon kaupunki,Espoon kaupunki,https://news.google.com/rss/articles/CBMilwFBVV95cUxOeml5TS1IN244TDFpaUZHQ0N5TFk5aHc4S1NIWER3RWh0SF84V09RdWRYckI4WnR3N2d4WVE2aEtLMzJQQV9PWHk3Y2JmLWJCQ3VDb1hTQmJSMFU5dUFHcmhmUkZJRnZtTzlLcTUwM1NMdS1LTzdNNWloYlN2OFFfMDBXNmZ2NUNaLTlrUnZJQ0huU0EzT2RR?oc=5
2026-09-30,Hoiva- & yhteiskuntakiinteistöt,Tunnistetaan myöhemmin,päiväkoti,Päiväkoti lakkautusuhan alla – Asia paljastui esityslistalta - Aamulehti,Aamulehti,https://news.google.com/rss/articles/CBMiaEFVX3lxTE9EOG0zMXVuVmppNnQ0bEtiT0Q0UU9VQkhreGNkTkM2aGJoaWlsaUl3cXBVallpUlEyend5N2FMUlVCSm12dVloNVVxSWVLX0REMjJCVXlseUFIQThTMnBHTVdIQ19BR21W?oc=5
