date,category,region,keyword,title,source,url,bbf_score,priority,matched_terms,detected_region
2026-09-28,Investoinnit & transaktiot,Tunnistetaan myöhemmin,investointi,Eduskunnasta: Suomen historian suurin investointi tuo työtä ja kasvua Kainuuseen - Kainuun Sanomat,Kainuun Sanomat,https://news.google.com/rss/articles/CBMiuwFBVV95cUxNWG9FWVlEVjRXbjRvTHVwejZwRXhHN0Nuc2FYazRNdk1rc3VhaWVhRU9XbFo5X1JLc1JxNjhXcml3T0QwQ1NjOGt6YUY0SmxUWVVFYmNOVzFpVGFmRmtpN09ZdUoyc1dvVVA1eHlTcW1iblRVYUdHejU3V01TYlJRVUl3VUdXblBrMGd6bzdJMGNiaUZYTHFXOHp2WlUyYVJ6ZXFJSlJGTGcyMkdUamNJQm1ISmg3enR6VVVr?oc=5,52,Korkea,"investointi, investoi, kainuu, Pohjois-Suomi",Kainuu
2026-09-28,Investoinnit & transaktiot,Tunnistetaan myöhemmin,investoi,Kaupunginjohtajan talousarvioesitys 2027: Oulun talous vahvistuu ja kaupunki investoi kasvuun - Oulun kaupunki,Oulun kaupunki,https://news.google.com/rss/articles/CBMisgFBVV95cUxPV01vZXNpLWM3TkFaMzJqYmNZUlU3R0FENXhjNzNvck5veEZOalQ5QzFkRFRfNlNLcWNaUEtxUjZ1VUtMcUNwQThJUEZxVWM2bU9fbGtRdms0RkdoY3BtalJCWnpSZ0xKT2pSM2JPNkszMHdfUUx0S2RFWXVsTkpiSVpuUDdveElVSUFzYThwWHQ5OXllLWwzV2owRXlpaVRMR05UNEpfelZ6SlA2MEJWSmF3?oc=5,43,Korkea,"johtaja, investoi, oulu, Pohjois-Suomi",Oulu
2026-09-28,Investoinnit & transaktiot,Tunnistetaan myöhemmin,investoi,Oulu investoi jälleen ennätyksellisen paljon ja velkaantuu – Sopeutustoimien uskotaan kuitenkin purevan - Kaleva,Kaleva,https://news.google.com/rss/articles/CBMiiAFBVV95cUxQTW9oUXMzXzVJb2hlZlNkRHJ6bWJwcDF4RTJEbnA5eXpyck04STQxbUdRWVp0SS00ZWZXSFAyZDZrendDX3E3WlhYb2x6MVNwY1p3b09lR1FjM0Z0NVhMcEx4aEdlSmNQUERpUDFQTkRSSWJfa3FNclVMVmtoVGdwMnpjSGNDMHhm?oc=5,37,Korkea,"investoi, oulu, Pohjois-Suomi",Oulu
2026-09-28,Hoiva- & yhteiskuntakiinteistöt,Tunnistetaan myöhemmin,sairaala,"”Hävettävää”, moittii lääkäri – Ouluun nousee 1,6 miljardin euron sairaala, johon ei suunniteltu tiloja psykiatrialle - Yle",Yle,https://news.google.com/rss/articles/CBMiQkFVX3lxTFBoc3QwVGJNQnVhMlNESEo3WTc1WjZuRUc1RHNJS1RVOEVIQjNxbzd1VHlUbEp3NDh3cEhWb3F1RGhpQQ?oc=5,37,Korkea,"sairaala, oulu, Pohjois-Suomi",Oulu
2026-09-28,Hotellit & hospitality,Tunnistetaan myöhemmin,resort,Tyven Resort pysyi budjetissaan ja veti matkailijoita jo kesällä – Tulevaisuudenhaaveissa miljoonan liikevaihto - Meän Tornionlaakso,Meän Tornionlaakso,https://news.google.com/rss/articles/CBMi1wFBVV95cUxQNzRnbTVsOUF1NEtBd0J1bktlY05kQ01VVzY2ejNRaTd5Rl8xc0ZINmxjcmR4d2dPS2lmeldWcHpGSVkzV29wVUV5akJYOU5zdWp0eE5KeWlSNjBOMVJKQS1VRjIyVDlvaGFicWM5djQ3V1B3Ri1oV0ktRWRLTHcxOVFlVVIxMEhwamhwN2NlR3hJTmhtVUQ2bVJMZXpGYjQ5Tk02a1ZxbEhuUEJJSExST1lrSEdsMjN2VXg0QUNKTTNzQW42bkhjcEdIU0p2eDMyYzZlTmNQUQ?oc=5,35,Korkea,"resort, tornio, Pohjois-Suomi",Tornio
2026-09-28,Rakennus- & toimitilahankkeet,Tunnistetaan myöhemmin,rakentaa,Varha rakentaa miljoonaluokan paloaseman Kemiönsaareen - ts.fi,ts.fi,https://news.google.com/rss/articles/CBMiQEFVX3lxTFBrOHYxYlUyVXV0UkZFQmQ5NnM5cUZVWXRVVzhfUXVpZGRYeXVwUUZTTWdOMnVTRm9PZVRoUlBNNEM?oc=5,33,Korkea,"rakentaa, kemi, Pohjois-Suomi",Kemi
2026-09-28,Hoiva- & yhteiskuntakiinteistöt,Tunnistetaan myöhemmin,palvelukoti,Kauppakadun hoivakotia ei tulekaan Kajaaniin – syy on tässä - Kainuun Sanomat,Kainuun Sanomat,https://news.google.com/rss/articles/CBMingFBVV95cUxPaE9rb3lrY2ZYSnJfTlBMT1pzSGlDWVlEcWhnaWp4TUszUlJzcno3NER0LVRYNEVnTVRUQU9NTi1sZC1WbHZweGxjYzNwWERCTzhyRnhWNWg0RVE1ZXl3UkdadVI4QV9HT1JjbG5xZnJRT01MZUNaV0UyNm1yV2VudDJUTEg2M0JHa1hneHZ3Uk1sdmVpVG5BN1hjNVdHdw?oc=5,33,Korkea,"kainuu, kajaani, Pohjois-Suomi",Kainuu
2026-09-28,Nimitykset & organisaatiomuutokset,Tunnistetaan myöhemmin,nimitetty toimitusjohtajaksi,Jon Lind on nimitetty Terratechin ja Steelwristin uudeksi toimitusjohtajaksi - Konepörssi.com,Konepörssi.com,https://news.google.com/rss/articles/CBMisgFBVV95cUxQeXZxR3BhNHFVZ1EwZnV2WDRiaEppWkRPTzQ5WHNqTDMwZmdDN0pXUS1yQnl3T1FMczMxNGdka0FxaXg3UVBBZXpsZUc4VlI2d29BSGRjdUxKcUo4ZFNqQkt0QURXRm12RWk5cjlmV1dfQlIydGFLa1lrcHBPRXRnZnF3aDFnRTc2cEs0cGtWdGdYOUJVdnFxaFRGV3dkOU9KWm5yRmpaX0hDeDE3ZjhydGpR?oc=5,31,Korkea,"toimitusjohtaja, nimitetty, johtaja",Ei tunnistettu
2026-09-28,Rakennus- & toimitilahankkeet,Tunnistetaan myöhemmin,rakennushanke,Rovaniemen oikeustalo on erityinen valtion rakennushanke – liki 80 vuotta vanhasta poliisitalosta säilytetään ulkokuori - Yle,Yle,https://news.google.com/rss/articles/CBMiQkFVX3lxTE1kcjFLa3ZrOTJkR21oR2E2TGlROHNaUVFlTVgwNE5IY0IzaXhkY3N0VmR3TnZMMWlMUDhCOFo2T0VwQQ?oc=5,30,Korkea,"rakennushanke, Pohjois-Suomi",Ei tunnistettu
2026-09-28,Investoinnit & transaktiot,Tunnistetaan myöhemmin,investointi,Mahdi: Liikunta ja liikkuminen ovat investointi terveyteemme - STT Info,STT Info,https://news.google.com/rss/articles/CBMixwFBVV95cUxOZFhzQUxiclo5WlV0YTI1dmxROEpFWnZFc0FjRVF5T0h5eTY5R3FVWmYyejBVNjlraFBBV0ktV1I1QkNhSHlua2VzVzZvbUJORFlwekpjRDROTHlWUFh6S09lOUhpSm51N1FUZjZlMDd0YzNIMk51MWZ6Y05FMmxJSVc4Z2psRlVHcC1MaGRuX1JCVWdaWlJqUVVfTlJVT21MY21OaTFqTGtrMlZJR0g2UlBSZldkeGNhN2t4akVuaVFXSklkNDQ4?oc=5,27,Keskitaso,"investointi, investoi",Ei tunnistettu
2026-09-28,Investoinnit & transaktiot,Tunnistetaan myöhemmin,investointi,Investoinnit | Lakariin on tulollaan jo toinen energiavarasto – sekin olisi kymmenien miljoonien eurojen investointi - Satakunnan Kansa,Satakunnan Kansa,https://news.google.com/rss/articles/CBMicEFVX3lxTE5tX0RLcHhOdEhXMG43ZGlQSjMzZ0J5VUlYNWoycnpHUTRKc2NiUzI0SV9JNVJjY3JaR01FVkFQaEpBVGo2RWplX3ZVS0pJWXBTcTJVSS1PSHNBOXA5SUdHZ1BLSUZqMmZFSW1kcFBKbWI?oc=5,27,Keskitaso,"investointi, investoi",Ei tunnistettu
2026-09-28,Investoinnit & transaktiot,Tunnistetaan myöhemmin,investointi,Mielipide: Suuri investointi voi muuttaa koko seudun tulevaisuutta - Keskipohjanmaa,Keskipohjanmaa,https://news.google.com/rss/articles/CBMiqAFBVV95cUxPLWdMc1lvTHVmcnZIcjdjb1g5UlI1aFlmR1VoNE1YdmtEMVFWYUNiSmlZeGNtM1RKN2pzUUw4VG9Yay1NWGk5M0VKQXpnSHoxR1JHMnFaWWJLUU5ndUtIdU9LVmstdFprN2ZvRFJXY0ZTSngycmNNZ3lVeEpCY3NHU3FDR2NmWTBaMnFTNFRqbEo1cnpVU09fVHRjN19mZGowRFNvQWlLLXE?oc=5,27,Keskitaso,"investointi, investoi",Ei tunnistettu
2026-09-28,Hoiva- & yhteiskuntakiinteistöt,Tunnistetaan myöhemmin,sairaala,Länsi-Pohjan sairaalan supistukset näkyvät nyt henkilöstössä: ”Työpaikkoja katoaa aika reippaasti” - Lapin Kansa,Lapin Kansa,https://news.google.com/rss/articles/CBMijgFBVV95cUxOdzBWUGVjU2VURk1DMUVsMkFTa1Raa1lLZXI3QUtNTGRRc0l4WEtBc256SHlKaW43NG45YzNoUGlhRVU0b2ZtS2pxYkx6dVRGSThtZXVYdDFNdjNFSVlXY1NWamdsTmg4c1prNUJCXzQtc0RTMDJRZG01Z0drb2doZkJNalJmbEM1c1VrWVRB?oc=5,27,Keskitaso,"sairaala, Pohjois-Suomi",Ei tunnistettu
2026-09-28,Hotellit & hospitality,Tunnistetaan myöhemmin,resort,Lappi täyttyy laaturavintoloista: Rovaniemen Gallis yrittää hurmata turistien lisäksi paikalliset - avecmedia.fi,avecmedia.fi,https://news.google.com/rss/articles/CBMi4wFBVV95cUxOOTFRcHphdDJEQmpaaU1taGxDV2lGbURLWGVRWjg4cGtPOWVzTUJNSUVRV3hrY210b0ZXWFlFZFBNNGV2bGFTNzNoc1BQb0dBNnFjQ1dLNl9iUlF3ZDhUcjFrRGppdEpFbnR5bjVySE4yY0pDLV84MUkyUFIySXEwamRSVmRmODFFVHpuSTF4czk2blZhSlhzekczMHdDSWd0VUowQm9iQzNIaDNMS0dPZ2J6bndzQzQybVJLSFBmTjR0OVBCSlF2aXQyb0xhdVJHbnJuYjJtMlRsUkoycGlNR18wQQ?oc=5,25,Keskitaso,"lappi, Pohjois-Suomi",Lappi
2026-09-28,Hoiva- & yhteiskuntakiinteistöt,Tunnistetaan myöhemmin,kouluhanke,Mielipide | Lopullinen koulupäätös vaatii riittävät tiedot - KMV-lehti,KMV-lehti,https://news.google.com/rss/articles/CBMiakFVX3lxTE9RMWFTTUlid2ZRYTA4NVR0Z0tXcEx6eXA3SXZneWRXM09Dd2U5SGRjVlhySFUxZ3RPZXVXQVhtWWZKS3BxdWRWQmFFNjgxbGJza29iWFhWUnVfM1hPS0V2SHFLQ2llbG40YWc?oc=5,25,Keskitaso,"oulu, Pohjois-Suomi",Oulu
2026-09-28,Hotellit & hospitality,Tunnistetaan myöhemmin,resort,Suurkauppa julki: Lappiin syntyy uusi matkailujätti - Iltalehti,Iltalehti,https://news.google.com/rss/articles/CBMiekFVX3lxTFBlalE5WFlOa2R4RFBJdVMyY1Mxak1zendEVTMtQ3lMUzhiQks4V19uRXB3Q0MzRklKNGM1N0dwNEZNWUJTMVFCSTFLeW8td0toNHNyZVNkbUJKdFNFdWdWRjViM3E4dXBYR3lGRW1uaFhUNl9qMEFuUXBB?oc=5,25,Keskitaso,"lappi, Pohjois-Suomi",Lappi
2026-09-28,Kaupunkikehitys & kiinteistökehitys,Tunnistetaan myöhemmin,kaavamuutos,Pelkolan asemakaavamuutos etenee kaupunginhallituksen ja -valtuuston käsittelyyn - ePressi,ePressi,https://news.google.com/rss/articles/CBMi1gFBVV95cUxOQ1JRTWw5SERnTTRuTXFEY0dybF9SbHhsWDNNcGhYV3hDTzZvZmFyc0d5WFp0WE5tc1gzZkM1MDFReEl5Ul9ibDJHUnZNN0ZySXhTaUZFR1BXQ3hMTHctVVpNa1R1czBNNURvZ0pUc1VXdnZuZFF4RzEzOHkzZzZFeWRpd3hJWDZtdW40bnpkMV9oa1dNeHRlZ3IyTjZvdVBOdTFZQW5ZdVdQYWNrMldYOUxaTXVSRXI4VVVUNE1WMXB2WkUzdVpiWlFaWXhDRkNJa2xfSWpR?oc=5,24,Keskitaso,"asemakaava, kaavamuutos",Ei tunnistettu
2026-09-28,"Logistiikka, infra & datakeskukset",Tunnistetaan myöhemmin,varasto,"Sähkövarastobuumi Keminmaassa: 125 megawatin varasto nousee, 280 megawatin hanke jonossa - Lapin Kansa",Lapin Kansa,https://news.google.com/rss/articles/CBMijgFBVV95cUxQejJMZlN0U3J1VnNSYmVrUGRMQ1hzRnlzckZWMmZEWmhuSHVlSWRFcF9EanViLVdWWWRERDZtSXJnUV9MMUg2NE1tNkJFdFNHS0hsc2hyRl9iWjVBcWFkTWwxRU9LRVNpeVpfY2l0c0pNcnRnTDhYY0FmbDlYc1JlR3JHQzl6cDh3S2szRnJ3?oc=5,23,Keskitaso,"kemi, Pohjois-Suomi",Kemi
2026-09-28,Hoiva- & yhteiskuntakiinteistöt,Tunnistetaan myöhemmin,hyvinvointikeskus,Jätkäsaareen aiotaan rakentaa uusi kelluva hyvinvointikeskus - Yle,Yle,https://news.google.com/rss/articles/CBMiVkFVX3lxTE5VRGo1dEhZSmQ2WEEzaEt6SThjSWczWUtDbjVxYzAwQ01UTDcySVRzT0dhQVFqVjQ2MWFiMjNJRF9tZlZ6Y2ZZVHIteFlfeFRHS3BqdDR3?oc=5,22,Keskitaso,"rakentaa, hyvinvointikeskus",Ei tunnistettu
2026-09-28,Nimitykset & organisaatiomuutokset,Tunnistetaan myöhemmin,nimitetty toimitusjohtajaksi,Eveliina Huurre Attendo Suomen toimitusjohtajaksi - STT Info,STT Info,https://news.google.com/rss/articles/CBMitAFBVV95cUxQekFQT3hVWW04OVN5czJDYmEzRjBIZ0NMSzJVMVpGS1VGMHI5b2xzLVdjZTRjcHM4Qy1ZX0J1TjR5VEpBU1ZINy1FM19yaXNGOURTT2JCNlhxRnZoYzdsenVWNmUzYXBnc1BQcFN3WHJhQXhmZTNYaGtjbDFrUW5VTjlnZ0FmcWNxQ09JOWFHRFotQ1oxOFU5ZHpUbmhxMkhpbGpIZG41elhRSlRKVk1jMmI4UGc?oc=5,21,Keskitaso,"toimitusjohtaja, johtaja",Ei tunnistettu
2026-09-28,Nimitykset & organisaatiomuutokset,Tunnistetaan myöhemmin,aloittaa toimitusjohtajana,Shiftille uusi toimitusjohtaja - ts.fi,ts.fi,https://news.google.com/rss/articles/CBMiQEFVX3lxTE5iRTZhUGo5TEVvVGU5cVNvWjNTMGhmWHRKYmRaYUxlN1pLMzRNWnYxVlZNeGk1U3B6RW5NRzd1QWw?oc=5,21,Keskitaso,"toimitusjohtaja, johtaja",Ei tunnistettu
2026-09-28,Nimitykset & organisaatiomuutokset,Tunnistetaan myöhemmin,aloittaa toimitusjohtajana,Arekin uusi toimitusjohtaja johtaa työeläkealan suurinta IT-uudistusta - tyoelakelehti.fi,tyoelakelehti.fi,https://news.google.com/rss/articles/CBMiX0FVX3lxTE5mVGxfOWNLMXd3Zng3bjF4czFEUDZMM0ZKSDBOaloyWklwQy1wN2JPVHdTZzRwOVhpWDdfcFVqcUtlem13VEVYYTFMZ19HZnZWbmlieU81UU1YRXE4V29F?oc=5,21,Keskitaso,"toimitusjohtaja, johtaja",Ei tunnistettu
2026-09-28,Nimitykset & organisaatiomuutokset,Tunnistetaan myöhemmin,nimitetty toimitusjohtajaksi,Mervi Ryynänen mikkeliläisen Observis oy:n toimitusjohtajaksi - lansi-savo.fi,lansi-savo.fi,https://news.google.com/rss/articles/CBMiWEFVX3lxTFB1ZGlEdklidUlQNHJmTTBWcHY5TzRVc1AycUg2Yml3c0Rkdk5wTTV0eEg3MmtSeVEwTk5hN1dUZ0Q2WXJxRnNLSzdOOHNaY1QwMENDSmxPYWY?oc=5,21,Keskitaso,"toimitusjohtaja, johtaja",Ei tunnistettu
2026-09-28,"Logistiikka, infra & datakeskukset",Tunnistetaan myöhemmin,datakeskus,"Karhuja, karanneita lehmiä ja datakeskus – Testaa, oletko perillä Akaan uutisista - Akaan Seutu",Akaan Seutu,https://news.google.com/rss/articles/CBMisAFBVV95cUxNbE5qYmtoV3pUa2paVkNsdkhFN2Z0a2l2amszYlFmdmdTRXh4RV9Ua1FNRGRsX2RnNDJKTWZmSFNUakozZUVBSmJha3BFNWRPNTJRUFZRczhPVVEtZGw4dVc0MnJGeHkzSmFJaE1zYkc1bXNBYmtydnZuMV9kYkl6WWU2dGxZYmJjQWdRVHRsbTBBNllWYXVKRjJoMDJ4cnkwYlNveDJ0SXlocGV1V2k4ag?oc=5,20,Keskitaso,datakeskus,Ei tunnistettu
2026-09-28,Kaupunkikehitys & kiinteistökehitys,Tunnistetaan myöhemmin,kaavamuutos,Nokialle kaavaillaan miljardiluokan datakeskusta – uhanalainen taimen herättää nyt huolta - Nokian Uutiset,Nokian Uutiset,https://news.google.com/rss/articles/CBMia0FVX3lxTE1KQnlEeGZpX1g5Mno3SEVIZExoU09ZWDJmNTN0MFpOcE9uZmFGNlE4aUhXY0l4bDdiZGFaSl8yaGFPVHAydm1sRjNiWkFVb3A5aE1zS0R0dDMzM2V6MGxtaHljSnI1ZExhRlZR?oc=5,20,Keskitaso,datakeskus,Ei tunnistettu
2026-09-28,"Logistiikka, infra & datakeskukset",Tunnistetaan myöhemmin,datakeskus,Datakeskus pystytti 62 luvatonta jättigeneraattoria – Sai miljoonasakot - tivi.fi,tivi.fi,https://news.google.com/rss/articles/CBMidEFVX3lxTE5BOWxTLUlkSGdScFFZaVJ6Y3VlMDVwbGZnVzA0RTQzN0ZYc3ZkeGRfeHVSeS1xeGp2VWxjYVoyYTFjcGxNV3Jua1RuREhmcExiV19ZVmpnWDBjUmlSeEFBRFNIU3Z2YkstMjFINkpaTTBxNVIy?oc=5,20,Keskitaso,datakeskus,Ei tunnistettu
2026-09-28,"Logistiikka, infra & datakeskukset",Tunnistetaan myöhemmin,hyperscale,Iin Isokankaalle suunnitellaan neljää datakeskushanketta - Rantapohja,Rantapohja,https://news.google.com/rss/articles/CBMijwFBVV95cUxNV19WcFM3UnVaSWxXNXJIUEpacWdHbDBNNmQ0T2FoYXc5UUZLQ21yZ1NBN21IZ05CQzMybnJFc3VzNV94VE9pemJLLUxaVTRrTnpGUWFnamg4WFRZVy1EWVBjdE1OamVoc0Y4TEtEYjlVaDVXaWlLaEk0WjBhWkJodWJYb25QQzhBZHRKT3VNVQ?oc=5,20,Keskitaso,datakeskus,Ei tunnistettu
2026-09-28,"Logistiikka, infra & datakeskukset",Tunnistetaan myöhemmin,datakeskus,"Riihimäelle nousee tekoälylaskennan datakeskus vanhaan leipomoon – toinenkin, isompi hanke etenee äänestyksen jälkeen - Yle",Yle,https://news.google.com/rss/articles/CBMiQkFVX3lxTE1YaFBUNEQ1OV9ZSHY1bEtJWGw1VGUzMXdaRVY5WnlGNWNiUnNTbkx2MlNwVnlXejFPTGZfV3NpYlJXQQ?oc=5,20,Keskitaso,datakeskus,Ei tunnistettu
2026-09-28,Nimitykset & organisaatiomuutokset,Tunnistetaan myöhemmin,uusi liiketoimintajohtaja,Aluehallitus esittää valtuustolle Keski-Suomen hyvinvointialuejohtajan rekrytoinnin käynnistämistä - Keskisuomalainen,Keskisuomalainen,https://news.google.com/rss/articles/CBMiUEFVX3lxTE1DSEJGVHA3NVJMSzhyUDJUUXB4V2ktYnNSUm1ZYmZFaHUtWXgxeURUWV9LUXhrNEc2aFFrYTlNU2RPRGtzQ0FZNWJXdkFYTERR?oc=5,18,Keskitaso,"aluejohtaja, johtaja",Ei tunnistettu
2026-09-28,Nimitykset & organisaatiomuutokset,Tunnistetaan myöhemmin,aloittaa johtajana,Suomen F-35-hankinnan avainhenkilö Lapin lennoston uudeksi komentajaksi - ruotuvaki.fi,ruotuvaki.fi,https://news.google.com/rss/articles/CBMikAFBVV95cUxPRlVYWmVaU1JfWm1jMncycHIyaFZScEpFUERWbVVjdTJ1ZGlWcWxiUzJabkJweUp6NGRPTVVaOGlyNXFaOFBJbjV3RlRiNmpQU2tLLUJaSkVvY0NnSVZoVk5PYUEtODJFTnFUUWFoTVJzY1I2NHhjTHd2UHA1QjVfaHluM19DZVhLRTNxekRtTmE?oc=5,15,Keskitaso,Pohjois-Suomi,Ei tunnistettu
2026-09-28,Hotellit & hospitality,Tunnistetaan myöhemmin,resort,Lapin matkailujätit hakevat nyt kasvua naapurimaista – Visit Finland: ”Vastaavia esimerkkejä ei löydy muualta Suomesta” - Yle,Yle,https://news.google.com/rss/articles/CBMiQkFVX3lxTE8wSFJRYnBuSzhFN01NdnpTelBJbnU0NUh3VnlhTU92U2dxRGhCaUt0cjNBSl9ERlJEM3FOLU43LWMzUQ?oc=5,15,Keskitaso,Pohjois-Suomi,Ei tunnistettu
2026-09-28,Investoinnit & transaktiot,Tunnistetaan myöhemmin,investoi,"Kauppa investoi jälleen – uusia myymälöitä, kansainvälistymistä ja miljardiluokan kasvuhankkeita - Kaupan liitto",Kaupan liitto,https://news.google.com/rss/articles/CBMizwFBVV95cUxNTVl1S1Q4Zm1jZ3ROZXFiUXVid01lRTJHTHU1ZERROWxLTGJSSUNYaEItX1c3R3Y5Yk1GRm1JVTFNQkV5TkVkQVZ1bGRBbWVscUsySUhxQmtWLTBJQmNaNjhUTkhMYUtVY1hpSGlEQ1lGWnp6OHBMTVFNcW1obk9ZZGJQMEpmbG0wcHk4YnlrY1FRTVZIY3ZTWnoybFZMTFZwdXV5RkM1b3g5cUlxYU9qcGxIME9FSFpqRUpBUFR5aFhZdDcyeXBfMFcwN0E3WVE?oc=5,12,Matala,investoi,Ei tunnistettu
2026-09-28,Investoinnit & transaktiot,Tunnistetaan myöhemmin,yrityskauppa,Loihteen ja BLC Turvan yrityskauppa toteutuu – Kilpailu- ja kuluttajaviraston ehdot täyttyvät - Itä-Savo,Itä-Savo,https://news.google.com/rss/articles/CBMiVkFVX3lxTFBMNUVNdm55R2MxQnZTTFgxdDZqZVkyVVNCaVVkNHBYdi1nc3JrdEZSVnVZT3Fsd2N3X29FMElfM3A5SlZXU0lmVnBWOWlNUTNtV0JZaVN3?oc=5,12,Matala,yrityskauppa,Ei tunnistettu
2026-09-28,Investoinnit & transaktiot,Tunnistetaan myöhemmin,tonttikauppa,Liikerakennushankkeen tonttikauppa etenee Jämsänkoskella - Jämsän kaupunki,Jämsän kaupunki,https://news.google.com/rss/articles/CBMioAFBVV95cUxQRzBsTng2bHR2N2tVeHY3SEQ0bUNMVmR1WkxIS1Y3c2licmxUY093akhDWjF0aGRhbGw1OWlRbVVaNDFDaUl3cGxaRWpiR3YweDJfZTJYMzNWRlNxdzJOZGhHM1ltUll1alJydnZINmh1R1pCeGI2bHU0RmpkZnBtRkExUWY2cHlTczJreW9vSVhqbFVTTFl5d2ZPdHBldnQ0?oc=5,12,Matala,tonttikauppa,Ei tunnistettu
2026-09-28,Investoinnit & transaktiot,Tunnistetaan myöhemmin,investoi,Trailer Rigg kasvattaa kapasiteettiaan ja investoi uuteen tuotantolaitokseen - Konepörssi.com,Konepörssi.com,https://news.google.com/rss/articles/CBMitwFBVV95cUxQTkMzN3ZvYVdmVFlEM2tsSmZhZHdjU1g0bUhyeHN1VUg4U1N5T0NKTUh0dVRKTHdwUFNDQnY2UkE5UmRnbXdDSEJTcmhHRjJDaTk4QzRTdDNQR2tWYlU2RWIzOWtkTy1Lem9ZRHczVXJUTEQ2SklDYmtNSG1lY0VKR0xLQTBadjI5eElKZmFTMXRwMkJLbkhfVUxXTHdscDZnamNPNWdPTWM4OExUUW0yVWh5Y3p2N00?oc=5,12,Matala,investoi,Ei tunnistettu
2026-09-28,Investoinnit & transaktiot,Tunnistetaan myöhemmin,yrityskauppa,KKV:n ehdot täyttyivät: Loihteen yrityskauppa toteutuu - kauppalehti.fi,kauppalehti.fi,https://news.google.com/rss/articles/CBMifkFVX3lxTE9LZER3Z2t2SG4wM0RraHJxcnoyaGFwMi1hVS1kc2MtSUh0eXhrSm1kZDBjcmZHLWt3YThNWU50eG1BM00yejNhbGl2X3Ric0tuRDllT190QVgzRkZFTDVWLWZtUkktZ0JreFRRLUItTHJyZVRTWEdtaGNKM3JNQQ?oc=5,12,Matala,yrityskauppa,Ei tunnistettu
2026-09-28,Investoinnit & transaktiot,Tunnistetaan myöhemmin,tonttikauppa,"Viikon valitut | Pubin uusi omistaja, ennätyksellinen tonttikauppa ja tapahtuma ilman ""lääppiviä känniääliöitä"" - Keski-Uusimaa",Keski-Uusimaa,https://news.google.com/rss/articles/CBMiXEFVX3lxTFBKRVZUQ0FkWjlVNDc3ZmNFUDZUZTZiYnpLYUJPY1RZUXh0RDhLSmw3OWdpWVNmc1lvdWJETGh5NlVPNzE5OXZjNTNyQ3lqREhFdDRBTXZvdkNhZWg0?oc=5,12,Matala,tonttikauppa,Ei tunnistettu
2026-09-28,Investoinnit & transaktiot,Tunnistetaan myöhemmin,tonttikauppa,Mikkelin veturitallien kaava hyväksytty kaupunginhallituksessa – Tonttikauppa voisi tapahtua ehkä jo marraskuussa - lansi-savo.fi,lansi-savo.fi,https://news.google.com/rss/articles/CBMiWEFVX3lxTFAtUHU0b2ZUQXVGd21lTWlsdktWSTZWZEQ2dHBWZnRYbHpPeGtTZzZXUkpTc2hGRjJmVlNDcTUxSU1RQ1JraGRoMjVpTUNaV1ZjZF91TzZtYTk?oc=5,12,Matala,tonttikauppa,Ei tunnistettu
2026-09-28,Rakennus- & toimitilahankkeet,Tunnistetaan myöhemmin,rakennushanke,"""Arviolta 14 000 henkilötyövuoden työllisyysvaikutus"" – Suuren M-sairaalan rakentaminen alkaa syksyllä - Tamperelainen",Tamperelainen,https://news.google.com/rss/articles/CBMiXEFVX3lxTE9WcWtLZHoybWlZT1oxcUJpMTBELXJjdXM4dTB5amtRZDJBR05LaE4tSHJqYmYzTFh4SFRsOVR3cWY5b2M0VE1MMnVBeXU3Tm1BcXJSdG5IQ0NUQm1Y?oc=5,12,Matala,sairaala,Ei tunnistettu
2026-09-28,Kaupunkikehitys & kiinteistökehitys,Tunnistetaan myöhemmin,kiinteistökehitys,Nordicon suunnittelee uutta liikekiinteistöhanketta Haminaan - kiinteistouutiset.fi,kiinteistouutiset.fi,https://news.google.com/rss/articles/CBMilAFBVV95cUxPOTRtci03a21PMEgtME5QcUh3WjNsS1htNjhqRnRsU3h6YVFGWU81Z3M4NjV3MzhZWTJ4Y1hRTjhsNjF0b21Sa08xc21RMDZ2LU1qYVNyWVlQem5uMG1fR3hLVERVakxFU0JqNTdBYjNfU2dJaXJWNEQ4al9JRWFzQzhVZDhrb0E2ZmZDS1pBcW5uNHRJ?oc=5,12,Matala,liikekiinteistö,Ei tunnistettu
2026-09-28,"Logistiikka, infra & datakeskukset",Tunnistetaan myöhemmin,varasto,Ranskalaisjätti investoi Suomeen miljoonia - Tekniikka&Talous,Tekniikka&Talous,https://news.google.com/rss/articles/CBMigwFBVV95cUxNdW9kZXNpOWVkT0RiLVFVcGczQ3RzR3ZjS0tqYWNGU09yNmJxc3RDVzBsbFVUZ3d3TVBWWm9rRDcxQUZoU3RUQ2M2N2dCOWxsLVVHZ3JWd29wWklpZ2E1M0w5b2J1Tklpb3dwdE5xUzEwSC1DdFdxUHJiS1REakhPQTFtSQ?oc=5,12,Matala,investoi,Ei tunnistettu
2026-09-28,"Logistiikka, infra & datakeskukset",Tunnistetaan myöhemmin,ratahanke,Luumäki-Imatra-ratahanke: Kiilinkadun alikulku suljetaan uuden sillan rakentamisen vuoksi ja Kiiskinmäen alikäytävän yhteys avautuu - ePressi,ePressi,https://news.google.com/rss/articles/CBMinwJBVV95cUxQcEhNRk9rUzBRTnlOLU5jQWJkbzI1RW1LanMtTUdsbGxoaXJpS25WWUp1djhjMnBaaDV4VjhZTUN6a1FaNjNvTTRRMTktb1ZQRWNTSHRLTzlaYTZUT3VoSkhVWG1LOEFtSVBiTnJkN3N5MVJ3MGNqdnAzQWRMWjNOTElJRm9XZ19PSUwzV1VHV1pvSk9VOEtPTnVGUlFnTHJnWFpRNjViV2NLVGhqeC1WaDVHRmRLZkFVb2JiTF9TNjlNcU9kbXJGYk1EbmhaanpBeWtaaVp6Qzl1RW5xNDlHVS1na2hVc0xLcjZhLWJ4enVxVFoyZnFyRmkxRzhLS2pnYk9icEtuMXc0cU13a252bVk1UHFNbDFFSG1UZm5qZw?oc=5,12,Matala,ratahanke,Ei tunnistettu
2026-09-28,Investoinnit & transaktiot,Tunnistetaan myöhemmin,investoi,PeeÄssä investoi jälleen Kuopion keskustan kehittämiseen - peeassa.fi,peeassa.fi,https://news.google.com/rss/articles/CBMijgFBVV95cUxNck9yVm1FU3VpNVhVaVJRMHBOcnZJYVlORDVLajdZdGFOM08yNEFzeHhYLXc3LTM5YU1QX3BtTGxiTEJuVDFzRHRjMDl3YkdKZHFPQnRtVlVQR08wVWZOSldCT0RBVTUwYWw5S3liV1Vid2paaTJEM3QtblBRZ2x3b1RnZTJQbTVNalZOM0VR?oc=5,12,Matala,investoi,Ei tunnistettu
2026-09-28,Investoinnit & transaktiot,Tunnistetaan myöhemmin,investointi,Googlen miljardi-investointi tuo Haminaan uusia datakeskuksia ja lisää työpaikkoja - Yle,Yle,https://news.google.com/rss/articles/CBMiQkFVX3lxTFBRLXdqaUVKWGJpQzVfR19yd1BoNWpIRUl0V01CbVVBNXYxbGhCMFFZWDA2WWFmbUhIbGhhMHNkU09fdw?oc=5,12,Matala,"investointi, investoi, miinus: sää",Ei tunnistettu
2026-09-28,"Logistiikka, infra & datakeskukset",Tunnistetaan myöhemmin,ratahanke,870 km jättimäinen ratahanke etenee hiekkaisessa maaperässä – T&T vieraili Euroopan suurimmalla rakennustyömaalla - Tekniikka&Talous,Tekniikka&Talous,https://news.google.com/rss/articles/CBMigwFBVV95cUxQVFNaNWVZLVhIeFdJR3JkZzZnX2NkclZXVWpfRU1vMTJqVHM0NVlIWEVxNkZoYjUteVJZblZlNS1taXZVMTRMUmJuSTZBUmFzd01sN0NPVTJ1OG5mY1Z2VTBkeUU1cmZ3RzlZV3A5TjJodDBCVzlfWjBVaEpDVVRGb3kyRQ?oc=5,12,Matala,ratahanke,Ei tunnistettu
2026-09-28,Hoiva- & yhteiskuntakiinteistöt,Tunnistetaan myöhemmin,sairaala,Meilahden sairaala saa paremmat liikenneyhteydet – tässä ovat keinot - Helsingin Uutiset,Helsingin Uutiset,https://news.google.com/rss/articles/CBMiYEFVX3lxTE5GUHpMZHJ5eXdiOEFtQUZOanZvUWJhY2trMFRWRTJCMFNMVUx3OEpSTUFtQWV3UXYxOVppVUl2RzMzYVE4TXpiWmpscnlScUo2ZXVjMzFwNDVDRHBLazIxYQ?oc=5,12,Matala,sairaala,Ei tunnistettu
2026-09-28,Hoiva- & yhteiskuntakiinteistöt,Tunnistetaan myöhemmin,sairaala,"Näin Suomen sairaalat varautuvat sotatilaan – ”Erikoistiloja” tekeillä, materiaaleja tilattu haavoittuneiden hoitoon - Uusi Suomi",Uusi Suomi,https://news.google.com/rss/articles/CBMie0FVX3lxTE9waHI0cjdkNFR1VXVJQ2xBQ3hiV1Q3RlR1eUFmN01iTWlWRGVWV1BTSjFRVFI2NjVlejF4QzZ5clJPU0VPdHJRQ0ZWLTJVQTR4SlA2SzVGMGItX2I3NnozVzZoSzl1aUg0UlM1dGRCVzVrVXBULVZTNXczWQ?oc=5,12,Matala,sairaala,Ei tunnistettu
2026-09-28,Hoiva- & yhteiskuntakiinteistöt,Tunnistetaan myöhemmin,terveyskeskus,Urakka | Terveyskeskus puretaan osissa - Satakunnan Kansa,Satakunnan Kansa,https://news.google.com/rss/articles/CBMicEFVX3lxTE82dWcwLWpISHhNcE5oNDdIdVFDT1FEc2VTT3dVVFdNSkdVUU1ZdHJGTUtSc3lXN1dia1ZDQXVXTWswYW90eE9qc0Z2X3c5TUhqbXd0OUEzWEd3R3k1UnBYYW9DbEYtcFVpYkdnNnVFUGc?oc=5,12,Matala,terveyskeskus,Ei tunnistettu
2026-09-28,Rakennus- & toimitilahankkeet,Tunnistetaan myöhemmin,rakennuttaa,Näkökulma | Suomen investointeihin tuli hurja käänne: lähes 100 miljardin potti on nyt mahdollinen - Aamulehti,Aamulehti,https://news.google.com/rss/articles/CBMiZEFVX3lxTE1wNW90Zzd0VjdmaDNwVEZqczB6bHc2MVF1OU9fazVjLXlkT1h6LWM1aXBuNlZNbEZoeWJrdmpGVXg4cWVCazZnVFVSSm5Zb1BXVHR5QXluVTJmRW96akJIbXJ5ZGs?oc=5,12,Matala,investoi,Ei tunnistettu
2026-09-28,Retail & kaupalliset kiinteistöt,Tunnistetaan myöhemmin,kauppakeskus,Ylöjärveläinen Paulariina Liuhtonen sai Kauppakeskus Elon johdettavakseen – lupaa näkyviä uudistuksia - Ylöjärven Uutiset,Ylöjärven Uutiset,https://news.google.com/rss/articles/CBMixAFBVV95cUxNdWJQR2lHYzlTcGV1SHV2eFNmcXo3cU41a1dDbElHZXctZ1dLWHFUN0ZrZDNjWE9jTDJQVjRKcHcyVlZJS280UXlJSzlDQXlNeFlPMGs0QkNLOUsyZEpJb2lNTzI4XzBCd09FV21wZ1FQckpuQVBkTF9VanhkU05ENncyMktQN2dIRTZvS1FVa00zbk93WmVLem9MRWp5dmJiNW5JWG16Y2hTTi1uSjJuQ0MtUnFNVE1sZWNHcTRUOENoQ19m?oc=5,12,Matala,kauppakeskus,Ei tunnistettu
2026-09-28,Retail & kaupalliset kiinteistöt,Tunnistetaan myöhemmin,kauppakeskus,Sellosali on mukana omilla tarjouksillaan Kauppakeskus Sellon Sembalot-kampanjaviikolla 28.9.-4.10.2026 - Espoon kaupunki,Espoon kaupunki,https://news.google.com/rss/articles/CBMizwFBVV95cUxQdjZaTlI1MDlrUEcyanpQMnprMXJ1LUh5RVRLeGUySjNHRTk2alhCZVlyX2R2OGtnMEVlLW9fcWhpTjkwcjJjZnRsZ3ZDaG9JNXRrd2dyNFhBYTV1eUZXd1kya0QzYVhOdmZOdkhmdExWNWFCeEh1UlJNNjJfaGNZVGlSbjdjalU3bnM1SnpJdmlkaFY5MmlHUG9aMWtRazNxVDNKa1ZYNVVJc0wyVXdYY0t5SXplY1p4dXoyakxxaUktTnhPQS1EUml6QW5xbHM?oc=5,12,Matala,kauppakeskus,Ei tunnistettu
2026-09-28,Kaupunkikehitys & kiinteistökehitys,Tunnistetaan myöhemmin,kiinteistökehitys,Kun kiinteistökehitys kytketään vastuullisuuteen kaupunkikehityksessä. - Vietnam.vn,Vietnam.vn,https://news.google.com/rss/articles/CBMingFBVV95cUxNeUNHN2ZqMWJXSmxHdFdaVmVOMkZLOExOYnQtZGpBYkVhclFPalFsNGt6eFIxT0ptY2JvRHFVcFB0cDZuVDd6bTNZLUt5TUJmVXk4OTVtam9SbGxiUXRUOHpPMi1xSGlLc3ZLT2RIdWdnazVMT3QtRTY2WlM2aHVIeGhfUUU1a0t4RGhVUW9LWFRGcjhJbE02YXhadWM2QQ?oc=5,12,Matala,kiinteistökehitys,Ei tunnistettu
2026-09-28,Kaupunkikehitys & kiinteistökehitys,Tunnistetaan myöhemmin,asemakaava,Ysitien kaavamuutos mahdollistaa vähittäiskaupan suuryksikön – kaava osoittaa myös kaksi uutta kiertoliittymää Loimaalle - Loimaan Lehti,Loimaan Lehti,https://news.google.com/rss/articles/CBMi6wFBVV95cUxPMlkycEVWZFVrWU40WDJQT2xZdndESk1Mbml0YXM3OFl5VkxfZG1sUjZja3FXYUtBMjEwMlhUR2dPZF96aDJ2VEYyMkkxMEMyTkF1NlpNV2Zhb3IyTnF5WkVQZ21wcDFzeWZhaXZYN1R5cHl4X3p0dFdXb0t4ZWNUQmswbXAwelBMeGZFbWZEMWx4eGJrVFRocWNGcFl4RVVYZ3JwdGUwRkJ1QkZ4ODRsaDJjVlRCdWJDOXB0Rkd2bjRTdEo1U0pUUTVhWHpBNlhrb3ZXb3VlV1lyVkdSaGpURVFBeVZBSHd0NjFZ?oc=5,12,Matala,kaavamuutos,Ei tunnistettu
2026-09-28,Kaupunkikehitys & kiinteistökehitys,Tunnistetaan myöhemmin,kaavamuutos,Jyväskylän kaupunkirakennelautakunta käsittelee Kukkulan aloituskorttelin asemakaavan muutosta - Jyväskylän kaupunki,Jyväskylän kaupunki,https://news.google.com/rss/articles/CBMi1AFBVV95cUxPei1VV0ZxU2NQaEVmaWFjeW9NT1JYRml0Sld0OE15Y0J4MjhqLWJZY3BqYmJJa1h3UWxoX0lLWXlOSEd3TWp1andQVnZEMW5OLWFPVm5qdmlQaHVKWUotQ1JnLWNMU0ZwTW1nM0dCUFpJbUZwUFlOTTQ5c25SMGNuUm0xaHFUN3dmai1oVmZ5TGFzbzNUbnduRDJTdFNEWGtKLWZWQy1KVE1NSG5VV0duWS1tSlp5MWxRU2xxMjFNTWYwT3dmOHFoS0VqdUxsaTZMWXRLNQ?oc=5,12,Matala,asemakaava,Ei tunnistettu
2026-09-28,Hoiva- & yhteiskuntakiinteistöt,Tunnistetaan myöhemmin,sairaala,Laakson sairaala-alueella porataan geokaivoa kohti ennätyssyvyyttä - Rakennuslehti,Rakennuslehti,https://news.google.com/rss/articles/CBMipwFBVV95cUxObHY2REJvdXNsT2EwQUJlVy03ZWN0aloxS3ZHamd4SzQwUkhrUkxCU3BGUnJmcndfcm9ZdC13OHJMRy1CcF9yZVVTQllrN25IN1YyQ3V2aGRtUmVyVnRRMExzTnpRNVd6WE1OQmRNZzVqNkdiaDhTWDJZWXdxb1lUUTVxci1Ddk8ycno0am9wN3ZzTmFlajZGR1l6V3N5VWFoQkllMjBZMA?oc=5,12,Matala,sairaala,Ei tunnistettu
2026-09-28,Investoinnit & transaktiot,Tunnistetaan myöhemmin,joint venture,Kattava yhteistyö TTC Groupin ja NIG:n välillä - Bsquare Joint Venture - Vietnam.vn,Vietnam.vn,https://news.google.com/rss/articles/CBMijwFBVV95cUxPUVZjaVQ2S0l0VTBsTEhRUGlHQTNaeWlzeWdBT08wZVl1VDlzbnNrUFZuM3psaUtUdjFua1lKMElVOUpWRTc1ZE5OWExPd2FYc0hTMWZTR2g2OVF5RElyTjV2OExNREJaRjlUek1ZWUZoNXZ1b1o2M1BBQlFMTlY1U01FQWxoUmx3ZWFVY25jYw?oc=5,10,Matala,joint venture,Ei tunnistettu
2026-09-28,Investoinnit & transaktiot,Tunnistetaan myöhemmin,kiinteistösijoittaja,TE: Olympiavoittaja menetti luksushotellissa miljoona euroa – yksi asia painaa - Verkkouutiset,Verkkouutiset,https://news.google.com/rss/articles/CBMiqwFBVV95cUxQX3p6djhZUEI4MFlqRTNpeUlKbGFmUGotVng1NHlLS2l6SEZwSWRDWHJVMFY0bFh6TlRQNDlrd0YybkpzNVM3Z210YUcyZWgya3lwcGs0QjF3YXNiYzM5ZFJ1SEUxMXZzQmR2aDFQOFcyejZJbjAtRGVydlg4aUIzcWg0bVoyZXNaNWFyMkRQWXBKTnJtcFJDZ2NPNGZNV3doXzhIVExPMFNTdXM?oc=5,10,Matala,hotelli,Ei tunnistettu
2026-09-28,Rakennus- & toimitilahankkeet,Tunnistetaan myöhemmin,uudiskohde,Uudiskohde ensiluokkaisella paikalla osoitteessa Le Duan Street 8–12 Ho Chi Minh Cityssä. - Vietnam.vn,Vietnam.vn,https://news.google.com/rss/articles/CBMihAFBVV95cUxPUDBhN3ViZmFvTEladFZlcmVCUmtjazBWRzZzcHhobnBrS3pKQ0JuR19Hcy1ELUlCVko4SVRqYUFhRGxKMjExTDlkZTNFY3ZBU1NRX1Vrb0dJN1JKc2R0NmREdUd1a2syNGF6dFo5alR0eVQ0QkpSdEF0SExxWm5aY0xNdGI?oc=5,10,Matala,uudiskohde,Ei tunnistettu
2026-09-28,Rakennus- & toimitilahankkeet,Tunnistetaan myöhemmin,rakentaa,Pelaajakartta: Jarmo Kekäläinen rakentaa määrätietoisesti Sabresista kestomenestyjää - Jatkoaika,Jatkoaika,https://news.google.com/rss/articles/CBMi8wFBVV95cUxNVWVHUVFiMWwwM0sta2RzVHc0cFZwelNXbXdULWIzVGRNMG1KTkpzYW81MjN1bXVNOF9WZWFHSE8wY1Y1T1podjJSd0JkMlBlazB0ZVVjdWF0Uld1NnI1M2hJWjhycTZ4LWVVMzY2eVRXd2lDeWh3ZTY3dkZybFhMQUtXTEx3U3ctYTZkUkFWREJBcW1RRXhrTVc3RUs2SGh5anNPZGpXT2lyNi1URHZzc3BhbHNIanl6WUY4WkxMU0N1cDNYM0lMaVVyV0g1ZFlFTDM0S1RZeDYyQ1JkM2R4TXZqcDRiZHRjWE9FQ3NSeDZLTE0?oc=5,10,Matala,rakentaa,Ei tunnistettu
2026-09-28,Investoinnit & transaktiot,Tunnistetaan myöhemmin,kiinteistösijoittaja,"”Laitoin peliin kaiken” – Samppa Lajunen menetti Maria-hotellissa miljoona euroa, mutta se ei ollut pahinta - Talouselämä",Talouselämä,https://news.google.com/rss/articles/CBMifkFVX3lxTFB5V28zQi1jOFlISzM1bzVRRURZMTdlSGpPSGktd2RlNzNyMjlWWlVxNGxWZTVYYXJtbUN1RFNKeGhGZUthMk95amotQnMtbTNFdWFHSHhvVXMyMFgxVGFOaXp6NUlLX3A5bVdHQVNqTndJRVlzMklScThjcjRDdw?oc=5,10,Matala,hotelli,Ei tunnistettu
2026-09-28,Hotellit & hospitality,Tunnistetaan myöhemmin,hotelli,Kirja: Luksushotellin katastrofi vei Samppa Lajusen terveyden – ”Tutuilta” tyly viesti - Iltalehti,Iltalehti,https://news.google.com/rss/articles/CBMiggFBVV95cUxOVmZDcWpVU0M5eUI0MHJwR2NpUmFpV2kybDhDbWFaOFlJQTZsWm44bU5vbXpaVnpvVkZrN0xWcUxPcEVaVWhYNDcxUU9LOUdwZ1pkcmhpY3l3RE5sejZKTHg1M3pMMjBKNlA3YXlpLTFCaVpkVkxjSEdhaTdiRXlDajRB?oc=5,10,Matala,hotelli,Ei tunnistettu
2026-09-28,Rakennus- & toimitilahankkeet,Tunnistetaan myöhemmin,rakentaa,"Varha rakentaa miljoonaluokan paloaseman Västanfjärdiin: ""Uudet tilat ovat elintärkeät"" - SSS.fi",SSS.fi,https://news.google.com/rss/articles/CBMiiwFBVV95cUxQX3NoS1V0cXlxVjI2MHFITFFUWElGOHNmYzlkRUZpV3d4Mk1pT3lWdURPNHJyaXUwSHlGM2htVlVzZzlnRHBrcVM4VWEyczVtTUhNcW1SdEZWamZiY1ZVUzdxWmhhVFdERDdmM2hpZmZVV0kydjZZTXNVWl9KOG9Eak4wYUNfMTRiektB?oc=5,10,Matala,rakentaa,Ei tunnistettu
2026-09-28,Rakennus- & toimitilahankkeet,Tunnistetaan myöhemmin,rakentaa,Kirkon uusi strategia rakentaa tulevaisuutta ja toivoa - Evl.fi,Evl.fi,https://news.google.com/rss/articles/CBMihAFBVV95cUxNT1IwN1prZ3pUY0hiMEVKWkttYXNWNnhDMWdndnRQNGNfYTJTaE40VkgxUGpaUDB3bkVuX2V5alBzSE9FT2RSd0x0OEpUNHhXVG5QaHAycEh2Z24ybjJobnJ0cjBVX2ZZUzhfejRZeWtCWGIxN2t4NGlYRThVaWs0dDNWT2I?oc=5,10,Matala,rakentaa,Ei tunnistettu
2026-09-28,Rakennus- & toimitilahankkeet,Tunnistetaan myöhemmin,rakentaa,SDP:n Juha Viitala: Mitään ei pidä rakentaa työntekijöiden oikeuksia polkemalla - Sosialidemokraatit,Sosialidemokraatit,https://news.google.com/rss/articles/CBMirAFBVV95cUxNWTRQMXFXZlR4Y2t3dDN0a256RGlZcUhvVkVlV1pDWUVXNnYtZlVKaW1Eb3ZhVVZRX0t2b0tfQXM2MXh2M283Y3hYQmxCTjJrZ3VPYUhycUx3QjhLWkZPQlYzTkxCX0RHSUk2YlRwdzZ1aV9lcmRTUjJOSHRWWkM2dVhfTXY0dnp4Nml3ZExpYk02X18tZ3JJLW9RcTF3RWVYTVNTN3ZER3RkSVpW?oc=5,10,Matala,rakentaa,Ei tunnistettu
2026-09-28,Rakennus- & toimitilahankkeet,Tunnistetaan myöhemmin,rakennuttaa,Ovaro rakennuttaa hoivakodin Joensuuhun - kauppalehti.fi,kauppalehti.fi,https://news.google.com/rss/articles/CBMifkFVX3lxTE8zVF9DRWxONHY0bDhFMnROa2VmMDlYSVJzMFMtUHdJd1dJbTJBVk4ySXJoSnpSX0ZQLURVOVlSLXgtbWphMExOUjhHTmc0M282M3VReXBTMFc2UXRZdlB4MzAtaU1yZ28tU2tfXzVUUUFteG1saFdObTJuY1RWUQ?oc=5,10,Matala,rakennuttaa,Ei tunnistettu
2026-09-28,Hotellit & hospitality,Tunnistetaan myöhemmin,hotelli,Kolme suomalaista hotellia palkittiin Michelin-avaimella – yksi Helsingistä | Paikalliset - Helsingin Uutiset,Helsingin Uutiset,https://news.google.com/rss/articles/CBMiYEFVX3lxTE9fUDZTM2dXWjhRUHpXbXdyVDZYZ3FjMlpwMXdTMjdvVTlRT2tBRGZCVk9oLUJoenRlaW55Q1M1a3JmRTZUUU1Xc0gxeXFYVkJOSkYwSXJlNUctaHpHenRfSQ?oc=5,10,Matala,hotelli,Ei tunnistettu
2026-09-28,"Logistiikka, infra & datakeskukset",Tunnistetaan myöhemmin,terminaali,Phu Quocin kansainvälisen lentokentän terminaalin T2 rakennustyöt kiihtyvät kohti valmistumista. - Vietnam.vn,Vietnam.vn,https://news.google.com/rss/articles/CBMikwFBVV95cUxQVHh4WG9fZmNidF8zampCQ1htN0lSNlpmd0lLWk1wbjBMLWtNdFUwNmxIc0x2dlhoNmxkWGVDeGVmcTNtaUJtTkRsNFlKRGEzdWRzX2tVWmVNelhHWHFidnl5Z3hVR3ZuT2ROb0tqNk9WZ1d2NzcxRlNlRndWb19wUzNrZlU2VHUyZ3p2RzlyWFpuVVE?oc=5,10,Matala,terminaali,Ei tunnistettu
2026-09-28,"Logistiikka, infra & datakeskukset",Tunnistetaan myöhemmin,varasto,"Varastointi | Kaupunki tyhjensi alueen, jolle ei saa rakentaa – Hurja määrä halukkaita vuokraajia - Satakunnan Kansa",Satakunnan Kansa,https://news.google.com/rss/articles/CBMicEFVX3lxTE1JOXliWVI0T2lqVUNxM2p2NkthNUE3WXlCT0tBSkExTFVPcFlQcWlTRFBhemRCbWNFempoaXR1d2lHM1ZQWTg3SHd3N0d5UjhhV3huM29ZR3VPMW9NcXVobk1DLWxhUm44M1ZoZ2tkcUU?oc=5,10,Matala,rakentaa,Ei tunnistettu
2026-09-28,Kaupunkikehitys & kiinteistökehitys,Tunnistetaan myöhemmin,kaavoitus,Uuden paloaseman kaavoitus etenee Huittisissa - Alueviesti,Alueviesti,https://news.google.com/rss/articles/CBMihgFBVV95cUxQX3UzYm9jRE9GalRWU1IyVXdIOHZHSi1TdE5DQzc5SE5obGV5dFFwMUlxZmZkc0ZpVFo5d2p3d3hpS2J3eDRSdm5EZnpzYUdLRlJ3N0xIUUhOYWxkRjg5OVAzLWtsQURGaVBaTGhKSHYycUZlTTVzNnFsQS1peV82UWFoRXZHdw?oc=5,10,Matala,kaavoitus,Ei tunnistettu
2026-09-28,Hotellit & hospitality,Tunnistetaan myöhemmin,hotelli,Huijaukset käynnissä: Neljän suomalaishotellin asiakastiedot varastettiin - Ilta-Sanomat,Ilta-Sanomat,https://news.google.com/rss/articles/CBMiX0FVX3lxTFA1aGRvY2E4VVlMa0FTOTVXQzlVSWt5aHZUMnNqTmd5SHRJVGhmMU8tTjdFVWpGTFRMU2Y0TDNrXzBfZVBjcVJ4MWp3c1ZzeGg4ckVmMHl2SDFWaENmNEJj?oc=5,10,Matala,hotelli,Ei tunnistettu
2026-09-28,Hotellit & hospitality,Tunnistetaan myöhemmin,hotelli,Uutuuskirja | Samppa Lajunen: Hotellihankkeesta yhteensä 45 miljoonan euron tappiot - HS.fi,HS.fi,https://news.google.com/rss/articles/CBMiXEFVX3lxTFBMT05FRTROaXIxbHRHWFN5RmJoeUVVdUNoV2ZhN3EyN2pIQWR3dy1iLUpBdnFjU2Z0aklVLWlrNXZHUGkwV3NfNkZ5ZkpZQ0ZQUzFGMkJudlVBSU9Q?oc=5,10,Matala,hotelli,Ei tunnistettu
2026-09-28,Kaupunkikehitys & kiinteistökehitys,Tunnistetaan myöhemmin,kiinteistökehitys,Hemsö rakennuttaa Varhalle hoivakodin Turkuun - kiinteistouutiset.fi,kiinteistouutiset.fi,https://news.google.com/rss/articles/CBMigAFBVV95cUxOaTZoYVBWbTJPajZqWlJKTjdKQmpHcFpHOVpjQS1oS1JJU0VjdG5LZWVzRExVZ2hxM2VCajNQZlRqeGpnbzBjQ0cxV0JfaUxLTTdjcEJILVp3NzhvQkZzcmtDUzEyNFBFLU1uc0RhSGlZUGlua2RGc3c2LWVCWDlOOQ?oc=5,10,Matala,rakennuttaa,Ei tunnistettu
2026-09-28,Investoinnit & transaktiot,Tunnistetaan myöhemmin,sijoitus,Lounais-Suomeen jakoon miltei kolme miljoonaa maaseudun kehittämiseen – isoin sijoitus Satakunnassa Pyhäjärveen - Yle,Yle,https://news.google.com/rss/articles/CBMiQkFVX3lxTE93R0VBcXRjRWxRZFVmYVNCb0RvNm4wYkNOOHRuWG5hTGJ6cDBGckFZMEpkWkh1MGh1cmZXQTI2QmJuZw?oc=5,8,Matala,sijoitus,Ei tunnistettu
2026-09-28,Investoinnit & transaktiot,Tunnistetaan myöhemmin,sijoitus,"Yksi asia harmitti Noora Komulaista erityisesti, vaikka käteen jäikin hyvä sijoitus - Golfpiste.com",Golfpiste.com,https://news.google.com/rss/articles/CBMixwFBVV95cUxPckNyLTZSMktSbXZlT3NGMlQ0OFg0Ynh2UEdPT25RSE1qSWNOVXJ3V3kyanhOLWJUaURkMFZfZDJ5cHZRRC1FVDgwajRzcWFzM0R3SnlKRjNpZFlQaV9QSUpBSVF2ZEd0Y0RTcWpndWYwb0lMbzhxeUFJQ3dWbmhxTmpkRDAzdFg5TnRYMEp5cjJzc05IYUR4c2VQeXk1eXA0QzhpeXBITDQ5cGsxRDl5b2JSdVNhaVNCeVVCZHBmcl9PcFNkWG5r?oc=5,8,Matala,sijoitus,Ei tunnistettu
2026-09-28,Investoinnit & transaktiot,Tunnistetaan myöhemmin,sijoitus,Suomalaissijoittajan Oura-sijoitus on paisumassa jopa sataan miljoonaan dollariin - kauppalehti.fi,kauppalehti.fi,https://news.google.com/rss/articles/CBMifkFVX3lxTE9QWXE1MFJ6VkotOTFPRmlUVGpFenAwNEpuUUhPMHVZeV82b1VOOVVwWmpMM1Q2VGg3ZmVNb1pzM2JWT09LZ0QxTEN3djdOcEpCUm84Sl8wODliM3NfaXM3SjVQenNWdlM4aV9OdWZUUzJoVkE1TzZIRWt1LUNqQQ?oc=5,8,Matala,sijoitus,Ei tunnistettu
2026-09-28,Investoinnit & transaktiot,Tunnistetaan myöhemmin,sijoitus,OP Uusimaa: OP Ensisijoituksen myötä jo lähes puoli miljoonaa euroa uusimaalaisille vauvoille - sijoitus jaossa myös vuonna 2027 - OP,OP,https://news.google.com/rss/articles/CBMiogJBVV95cUxQbERNRXBwSTJFVnZpekZXcUJDd09qSGh5dVN6c0dKbHU0WG9vNGYxdUhXZXFncWU5T1lZdVhkeVRaWnV3cE1ISDlYbFhXek1iNTNMUFZkZ0tfOEpfWDlIT0U5WnBoYlJFRF90NWhoeDlNQ2dTZ243U091bUJBUGZMQ0Ixa2Q5WEFSa3UtS05qd1pid0EzWmY5a0hwUkw5Qm5neGVNdGtjcl9sM0lLUnlfeEJWeEpYUEZhd3RMUF9laTFycDYxczhmMlI4dkUyV2ZWSW1EeGlSUWJJcERlRlJOQmxrZEk3QVpPS085d0NYdDBId0Z0ZzZTVGJaRnNqbnBkdC1iaDNWYVlRWFhqTm0xclFGdElzMU9MWWxtWlhHN25QUQ?oc=5,8,Matala,sijoitus,Ei tunnistettu
2026-09-28,Hoiva- & yhteiskuntakiinteistöt,Tunnistetaan myöhemmin,päiväkoti,Päiväkoti lakkautusuhan alla – Asia paljastui esityslistalta - Aamulehti,Aamulehti,https://news.google.com/rss/articles/CBMiaEFVX3lxTE9EOG0zMXVuVmppNnQ0bEtiT0Q0UU9VQkhreGNkTkM2aGJoaWlsaUl3cXBVallpUlEyend5N2FMUlVCSm12dVloNVVxSWVLX0REMjJCVXlseUFIQThTMnBHTVdIQ19BR21W?oc=5,8,Matala,päiväkoti,Ei tunnistettu
2026-09-28,Hoiva- & yhteiskuntakiinteistöt,Tunnistetaan myöhemmin,päiväkoti,Päiväkoti ja monipuolista asumista Kiltaveljenmäelle - Espoon kaupunki,Espoon kaupunki,https://news.google.com/rss/articles/CBMilwFBVV95cUxOeml5TS1IN244TDFpaUZHQ0N5TFk5aHc4S1NIWER3RWh0SF84V09RdWRYckI4WnR3N2d4WVE2aEtLMzJQQV9PWHk3Y2JmLWJCQ3VDb1hTQmJSMFU5dUFHcmhmUkZJRnZtTzlLcTUwM1NMdS1LTzdNNWloYlN2OFFfMDBXNmZ2NUNaLTlrUnZJQ0huU0EzT2RR?oc=5,8,Matala,päiväkoti,Ei tunnistettu
2026-09-28,Hoiva- & yhteiskuntakiinteistöt,Tunnistetaan myöhemmin,päiväkoti,"Oravapuun päiväkoti, tilahanke - turku.fi",turku.fi,https://news.google.com/rss/articles/CBMiZ0FVX3lxTE1SWU1kS2xKc3FPblo3c2pTeGpxV3NyUXlLSGZDSkVhU1ZRMld0ekJuTTlqN0xQS1h5QlAwRGVvNGUxaGlNTW5Oc1dDZFVlanRRYXZwVkdoN1lRdk0yNDQ5UHVwM25hMWM?oc=5,8,Matala,päiväkoti,Ei tunnistettu
2026-09-28,Hoiva- & yhteiskuntakiinteistöt,Tunnistetaan myöhemmin,päiväkoti,"Lapsi putosi kaappisängyn ja seinän väliin Lempäälässä – nyt viranomainen selvittää, toimiko päiväkoti oikein - Yle",Yle,https://news.google.com/rss/articles/CBMiQkFVX3lxTE15TnItbUR2TWVhc0R2TC1mbWo2ekJkUzNjaUtwZlZiZnZsWkpxOVBXSzkwclNta2VxMVdtWXhkY2x2QQ?oc=5,8,Matala,päiväkoti,Ei tunnistettu
2026-09-28,Rakennus- & toimitilahankkeet,Tunnistetaan myöhemmin,kampus,Algarven yliopiston uusi Portimãon kampus valmistuu vuoteen 2029 mennessä - Portugal Resident,Portugal Resident,https://news.google.com/rss/articles/CBMitgFBVV95cUxQbkxjcm9jdjIzNVpJQThRdHIyaS10TWE1cWZZWnk0emh5NGdIcFFmX1VGajdsc3RDQW9vTTdNWGVBa3B5YjcxZk1YZTFfSnRfVXZGVmIyalY1eW9vb2hNSTBVSlFKeDFXQ3ROZlkyTm5XaUItUkZqd2JTS2s3cTFfRWJRRzdYbkpfelBJeUNrU2xtc3hVZVZ1NFMyTVRjSGNLR3JGZnNVU2VFaDUwWXR6dFlEQUZsQQ?oc=5,8,Matala,kampus,Ei tunnistettu
2026-09-28,Rakennus- & toimitilahankkeet,Tunnistetaan myöhemmin,kampus,Oriveden Kampus: emme voi nykyisillä vuokratuloilla maksaa lämmityskuluja - vasen kaista,vasen kaista,https://news.google.com/rss/articles/CBMipwFBVV95cUxNTU1fcFpCNTZ0MXNpMkJnWGFBODZpdXNwRXM2b2ViZ3BrTk5MQXN5RTJmSEk2WGlZUFhzdFduMjlKWlprSksyRzlDT25KUXRRQ0hVRzlYSE56VzNRRVJtTnhIaU5COUV0VHZaeFZjSEhlUFpQR2thRlZIWFlJZmFIOXhNb1VqRFM2bDBtaUNQVkFpeTAxODg4ZDBEVmRrVUl1TmJUZHF1dw?oc=5,8,Matala,kampus,Ei tunnistettu
2026-09-28,Investoinnit & transaktiot,Tunnistetaan myöhemmin,sijoitus,65-luokasta Suomen paras sijoitus Coupe de l’Avenirissa - XRacing,XRacing,https://news.google.com/rss/articles/CBMijgFBVV95cUxQUlNaRGJ2SGZFdWVvQXJmN3kzNWpGYXlNRHNXcnJCMExBeFpyaWdsNmc2TENZeXVPNFF1QTV4clZZTlE0d1ZtLUhGNF84VjV5dm00SzZ0UVNOanlUYUZKR3RhZUNEWHhxaVY2ZDAyNjNRWWdia2E1MnZoWUtVT0JpaldrNnhjQjQyZ3hiaW1R?oc=5,8,Matala,sijoitus,Ei tunnistettu
2026-09-28,Hoiva- & yhteiskuntakiinteistöt,Tunnistetaan myöhemmin,päiväkoti,Lapset | Espoon suunnitelma voi ajaa alas toistakymmentä päiväkotia - HS.fi,HS.fi,https://news.google.com/rss/articles/CBMiXEFVX3lxTE9UYURUdWp6UmFCY0FKei1aMmQwNjFhc0JuYlhQQzVzc1RfTnJKQW56UDJDaTZOWk1aMlJVUkU3Ym12U1dSV0RoV2p6N1IyMUE3RmJ2YkhQdmxGTDNI?oc=5,8,Matala,päiväkoti,Ei tunnistettu
2026-09-28,Nimitykset & organisaatiomuutokset,Tunnistetaan myöhemmin,uusi aluejohtaja,TampereMissio hakee uutta järjestöjohtajaa – pitkäaikainen johtaja siirtyy uusiin tehtäviin - STT Info,STT Info,https://news.google.com/rss/articles/CBMi7wFBVV95cUxPczlKc1FvOEp0YVpJLVRxOE85QXhPS2tGOElVQk9OQTdPaXdjRk5ITmo1T3ZCNEpTOThnRkxFaFdNdXJaZmVXdl84eDJmbnpsSHkwNmJCdmRsSmNkb1dONnpWZ29QUExFQnVZcy1vdnRyRnpieFJaaU9uS243ckJCUWJmNGpKdTJ1SWQ3M1hZOEhnVWp2dUdncWwwWE9ZWm05OU5SNnRDZU9TWDkyZm5XazJCZ0pGN1RsdDUwelNGY19FOWtLQTA5YzZ0ZjJpR2JrQWVpYVRQeGN5T1ZvMG8wcDl5SFpkVnFMenhWdUcwRQ?oc=5,6,Matala,johtaja,Ei tunnistettu
2026-09-28,Investoinnit & transaktiot,Tunnistetaan myöhemmin,joint venture,Lao Cain maakuntapuolueen komitean sihteeri ottaa vastaan ​​Aristo International Hotelin johtajat. - Vietnam.vn,Vietnam.vn,https://news.google.com/rss/articles/CBMikAFBVV95cUxPbV9OM3NrQ1dldjFiYWtoT0EzMlRNcTUyTXdOcXcyci1uTHRVT3BoNWszeUdrUFV4Z3lMdEREb0VmQ0dOakdZTEQyLS1fVjdhUDRfQm9uSHM4NHA4QTBNUDV4ZFJHZFZYMDN6U1R1TU1iMDN5N2lNSkU0Nmt2VW5uSFowRW9wSEJKWlJud3lSYTI?oc=5,6,Matala,johtaja,Ei tunnistettu
2026-09-28,Nimitykset & organisaatiomuutokset,Tunnistetaan myöhemmin,aloittaa johtajana,Juhamatti Huusko aloittaa kood/Sisun interim-johtajana ensimmäisten osaajien valmistuessa - STT Info,STT Info,https://news.google.com/rss/articles/CBMi7gFBVV95cUxQVnJhTFVwM1hyRVVIUWdPQ1dGa2R5WEhsT0xqRjUzXzNMU0hCeFU1ZXU1WXF3Z280WjM5WDd3Yks3WTJPTmZvMC1OTDJVREZFcVpxbmFFOVpXVC1RbjdEVmU1eHpuQ3BMb1AtdVJVRkhzNUVXY3l5cktnNjNHRUFzcERTNVBwLVREYlNnR2tvbTFEa0F6UzZUd3hrREpoZVBUZ2RpMWRFRU94QnBwUC01bDNWYjdkR0RmTVZjVmE2OXlueS1QZWluY2RZekhSbW1jN3BJSWJUa0pBQlpiMXFSMzJYMW5ObWtjUWVKcGp3?oc=5,6,Matala,johtaja,Ei tunnistettu
2026-09-28,Nimitykset & organisaatiomuutokset,Tunnistetaan myöhemmin,rekrytoi johtajan,Kritisoidun Javier Torresin kausi Kansallisbaletin taiteellisena johtajana päättyy etuajassa - mtvuutiset.fi,mtvuutiset.fi,https://news.google.com/rss/articles/CBMi0gFBVV95cUxQZmJvaENRSjUyT1Y2SC11eDFJSGx4Rk1CMFcwOExuTjFNX3JvOEJTNFhfYk9VWHRNQzgyR25nT0RMQjgwNFZkZTBadTdfWWNPVXVwZUQ2YWxJTDZ4R3NRZnFKTUF5Q1Z6RWFaaDVKRzdhSVhmZ2NOYzVSVzdReF9EN201UGFmUWpwSDhDQVYtZzUwSHBVTmRJcGpsV0Z3amNjQUlfNWVIYi13ckFlN3Bwb2RET3JWU1pTdUZ6eDZ6cDMzX2hyME1sQ3pMQlZxUmNlNnc?oc=5,6,Matala,johtaja,Ei tunnistettu
2026-09-28,Nimitykset & organisaatiomuutokset,Tunnistetaan myöhemmin,rekrytoi johtajan,Javier Torresin kausi Kansallisbaletin taiteellisena johtajana päättyy heinäkuussa 2027 - amusa.fi,amusa.fi,https://news.google.com/rss/articles/CBMirAFBVV95cUxQNDFhS3FLX0ZUbzFYQmI1bXI3VldVdGFRN3dUYUx0aWk3eEZ3TE0tMDh4blJaTHhLLVhQaEVZZEdwdUoxOEQxT1NJLVBFYUNlQV9xa1BjTS1NRzR0SjlVcGhEUUhueE5yUXZEUk96SG5PdmlqemxUc3lfWms3bzJVUG9zVXoxTENKNnFtYTdNbzVrWlFuamdqLXhwQXpjMlRPWVU2YXNVTVN0b214?oc=5,6,Matala,johtaja,Ei tunnistettu
2026-09-28,Nimitykset & organisaatiomuutokset,Tunnistetaan myöhemmin,rekrytoi johtajan,Kansallisbaletin taiteellinen johtaja ulos tehtävästään - Iltalehti,Iltalehti,https://news.google.com/rss/articles/CBMigwFBVV95cUxNbVNuSkZZYkRpRGlYY1M1b0MxSV85NlA0NG1QRjFhWVFOcFdJLVRDTG1RbU5fbVVhekl5Z01NSXFiY081RHVKMUFxZVFHaWtnU0FpOVVVU2JaUDZLaEU2Q2tZcWtNTE1nTGlyRnpUZ3plYmdLOVRGdGo3TzltT0pVakZWVQ?oc=5,6,Matala,johtaja,Ei tunnistettu
2026-09-28,Nimitykset & organisaatiomuutokset,Tunnistetaan myöhemmin,rekrytoi johtajan,Hyvinvointialue maksoi johtajahausta yli 20 000 euroa – pian valinnan jälkeen alkoi kuulua huolestuttavia viestejä - Yle,Yle,https://news.google.com/rss/articles/CBMiQkFVX3lxTE53RmhGRkxiaTJyX29Gd3prb3BoNENwb1YtemlnNHAxMW43WHZjNkt6RG5Zb2x6UVN3bWMyUTdRXzdhdw?oc=5,6,Matala,johtaja,Ei tunnistettu
2026-09-28,Nimitykset & organisaatiomuutokset,Tunnistetaan myöhemmin,uusi aluejohtaja,Keski-Suomen hyvinvointialueen johtaja Piia Vuorela erosi - Lääkärilehti,Lääkärilehti,https://news.google.com/rss/articles/CBMipAFBVV95cUxNMkljSlpGMzBKazNkQ0d4SU1Hd0pnWE5MY1ZTUnZXQmlnV3BHSlQ5TTAwQ0JsTEpoRGlsSk1xU0twZ2tyaEh4a1JrRlVHVUVaanFScWE5a0RsWnlxRXRvMEhUVVRiRkdxaHpIaEQ2SElFbEpveVo1VTJzS0g0N1ZheWUybF9abU1VOWJNb3pweTVwbzhoejQ4N2tKbVZMRGUtQ1d2OA?oc=5,6,Matala,johtaja,Ei tunnistettu
2026-09-28,Rakennus- & toimitilahankkeet,Tunnistetaan myöhemmin,rakennushanke,Maakunnan johtajat tarkastavat Quang Trin lentokenttähankkeen ja muiden keskeisten hankkeiden edistymistä. - Vietnam.vn,Vietnam.vn,https://news.google.com/rss/articles/CBMi1AFBVV95cUxQeHUzNnRaUFRxaUtSMDFlcVZKU0I4OFpocFlvQTE2MzMzblR0VG45YXZFOUtCZDdyRVlaSjhnSl9hYXg1RWhaRVM0OWlnMlhXNW5lamVjTHk0aTNjNkxleTNPRi1IaXBTMzRMQ0w1VHRKYVFLazdfXzZ5UVlfNFVXcko5NHJXVXE0eXQxVmFwSzBDMVlqc0NDOTNrNGo1eW1NamVKWGd6ZW5OYXctSmpYVkJEek56S2REQWJnVTRIRGtObUEyQWo3LTRmR2xtQ1U1VGpSVQ?oc=5,6,Matala,johtaja,Ei tunnistettu
2026-09-28,"Logistiikka, infra & datakeskukset",Tunnistetaan myöhemmin,datakeskus,"Raahen Lumimetsään suunnitellaan datakeskusta – ""Ihannetapauksessa rakentaminen voisi alkaa vuoden 2028 aikana"" - Raahen Seutu",Raahen Seutu,https://news.google.com/rss/articles/CBMijwFBVV95cUxOZmhONjlLU0l3ZmxWNWVLWlFfRmF2ZF9uLTkwZmpDTnV5U2prbWM5alc1VDRLTUxWLTlEeG9OUUpMaUxBOGFCOEJRVmkyS0xFbTRDNFJNR2poeUxQMWhGd2Z2QmxEOGljdFplZTJRU3hKUnBlNVBSdldoNTdFMTZmZHZ5cFVlaUZpVHdkM2Q4cw?oc=5,5,Matala,"datakeskus, miinus: sää",Ei tunnistettu
2026-09-28,Kaupunkikehitys & kiinteistökehitys,Tunnistetaan myöhemmin,asemakaava,Esplanadille tulossa isoja uudistuksia – tämä kaikki suojellaan - Helsingin Uutiset,Helsingin Uutiset,https://news.google.com/rss/articles/CBMiYEFVX3lxTE9HU1Z4ZWZnTlE0TFJPZWx4MXBWNm1Xd0sxNk1TZEF2YXFLTVZlajQ0QmlOMkhRUF82Rng5STFJc2dPM1hic2k2N3F3dFhCcXVnZlN5VTZlVFI1cnFwdTliWA?oc=5,0,Matala,,Ei tunnistettu
2026-09-28,Kaupunkikehitys & kiinteistökehitys,Tunnistetaan myöhemmin,asemakaava,Tampereen keskustaan nousee uusi kuusikerroksinen talo – vieressä säilyy pala 1960-lukua - Aamulehti,Aamulehti,https://news.google.com/rss/articles/CBMiZkFVX3lxTE15TzNaRnExV2l6YlRSdG1QZFgwYzNEZVVSZlEwRFM0SkFQSFBrb25SaXRfQVdvNVFkdUlpSXo4RUxZeTNXYVBUckI4YVNteVJ2QU5XNUhLdHdYWEY5V3VLczJIYkQ0dw?oc=5,0,Matala,,Ei tunnistettu
2026-09-28,Investoinnit & transaktiot,Tunnistetaan myöhemmin,joint venture,Five countries plan to purchase Finnish naval mines – Finnish-led collaboration has progressed to a framework agreement - ruotuvaki.fi,ruotuvaki.fi,https://news.google.com/rss/articles/CBMif0FVX3lxTE45NTIzVlJsV3pwMGtZWWdxTXJOanJicWUtcERUQ2ZGa2JUSHpNdnNXOEpLVTFIOHRnWUZXbnU3QW5uOUdYVk5vTTlTRW5PLWdnbjI1SEt2UTVwd19uXzZTZFp6WmFtbzZNVTJ3S1RnblFRYnpLbmRJeWdXNEo1eWM?oc=5,0,Matala,,Ei tunnistettu
2026-09-28,Investoinnit & transaktiot,Tunnistetaan myöhemmin,portfolio,"Epson lanseeraa AX6:n, ensimmäisen yhteistyörobottinsa 6-akselisen robotin - Unite.AI",Unite.AI,https://news.google.com/rss/articles/CBMihwFBVV95cUxOanJRcHY3YnZITGlxNm54TlBjY2QtWmdGR0xCdG5rclAxWXcwakk3TU5JaUV3VklRUEcwQkh3NnFUdXZaVWRYT2NsTC1sbDBFZDFpdEUwZm1sMk9KaHNvc2RzQUcycVNTZi02bDVIeXZZU1AyX0RteDRsaHk4UnR6T0lweENIbmM?oc=5,0,Matala,,Ei tunnistettu
2026-09-28,Kaupunkikehitys & kiinteistökehitys,Tunnistetaan myöhemmin,asemakaava,Lappeenranta ei peräänny kauppatorisuunnitelmissaan: vanhalla kauppahallilla ei ole erityistä suojeluarvoa - Yle,Yle,https://news.google.com/rss/articles/CBMiQkFVX3lxTE9SbnBwM1p2bFlRZW5KTXpFMVRtYklYeEg0ZkhfWkh5WTFTSHJReEN5emJxQWFSZkhCR3lVS3lDcldydw?oc=5,0,Matala,,Ei tunnistettu
2026-09-28,Investoinnit & transaktiot,Tunnistetaan myöhemmin,portfolio,Varma makes a follow-on investment of over EUR 50 million in cloud service provider Verda - STT Info,STT Info,https://news.google.com/rss/articles/CBMi6gFBVV95cUxQaVEwbEJ1N25yc053akpoUnNUWEhsTGdISnd3QUJHbnNKT0FUOC16cm5CaTZxWWlIdGM5dlpzWUJUbElCSHpxY21meEI3QVkzZG82Y2tHclQ1QWtZVWc3Y1J5TzM0Y0U5eWJzM0d5LUd6QTBFTWNFWm43elR0VmhOM2ZuWXNuRTVKci1GYl9ieHZ6OE1NdWtJTXBCRklXajc2U2JHT1BCWmxTUHA0ZHgzY2Z6YTNPUDVtZzV2TnNUUUV0S1RodlJqZE5fUlkwNW54VThGWmppNzktcUFaVTAydlpHQ0xPUDc4RHc?oc=5,0,Matala,,Ei tunnistettu
2026-09-28,Nimitykset & organisaatiomuutokset,Tunnistetaan myöhemmin,aloittaa johtajana,Euroopan keskuspankki | Isabel Schnabelin lähtö kiihdyttää valtapeliä EKP:n huipulla - HS.fi,HS.fi,https://news.google.com/rss/articles/CBMiWkFVX3lxTE1QRUwxMUw1U0J3VjVlcmsyb3B0dEVwN0pON25XanQyWUtrdHdkN2NicnhPeUtVZmgta2IxMGNpMUtXMjRNSHNVekZteGVITWxTbHRha0lFMmRRdw?oc=5,0,Matala,,Ei tunnistettu
2026-09-28,Nimitykset & organisaatiomuutokset,Tunnistetaan myöhemmin,asset manager,Taaleri SolarWind III invests in a 192 MW / 420 MWh battery energy storage system in Estonia - STT Info,STT Info,https://news.google.com/rss/articles/CBMi8AFBVV95cUxPRXNBemhoVW9Jb0JGSlFwT1lVSVJ2VFlPTGdNZG5EdEQtcFhPRlNld3VvR0NtTXAtZ0VHdVhmdUN1YXZTcjI2MUxiaTdQcVhRZFVJM2FlN2h2U3NrN2hGM0hNVXRWLWx0QV9MTUhsVmpXdnBPRUFIVHU5SEVuT3hONlpySGpVRDd0d21lMlpiX0ppdUw5a0hYeVE5UklnV1AxZ1N4OGZzLUhpUGQ2SUFYRXlIcGZCYVhUVTBiU2x3WGkwZm1vdHhxVjZKVHByXzNsaUkzbk5KLVNXa192MmxhZ3hOU1hTQm1oRXlDQTJXTlM?oc=5,0,Matala,,Ei tunnistettu
2026-09-28,Nimitykset & organisaatiomuutokset,Tunnistetaan myöhemmin,country manager,Jula AB/Jula - Cision News,Cision News,https://news.google.com/rss/articles/CBMiXEFVX3lxTFBjcjY3SkxSRHNLQWRnak1rWW1YXzN6T2NZeUtXUUVnc2tZbjlRVzBYUkc5cWVvUTYzQU5NMEtxaURDN2pxemJqU3UxS0ZBSi1UdFRDZGd1OWtHeWtH?oc=5,0,Matala,,Ei tunnistettu
2026-09-28,Nimitykset & organisaatiomuutokset,Tunnistetaan myöhemmin,country manager,Ducks Name Granlund Team Captain - NHL.com,NHL.com,https://news.google.com/rss/articles/CBMicEFVX3lxTE1sbjB3R3h4SzNMSEV6RE04QnlTWFdRNjRtV0R3Ni0talRRQnoxa1YzS0FRNG5wX291RUVnakZORkVQakV0bWNPQko2T2NSZk5MR2EzWWhFcnJ5SkdOZTBqMzFnNU51cldNX2V6QUZkTXo?oc=5,0,Matala,,Ei tunnistettu
2026-09-28,Nimitykset & organisaatiomuutokset,Tunnistetaan myöhemmin,asset manager,Schroders Capital divestoi kaksi toimistokiinteistöä Helsingistä - kiinteistouutiset.fi,kiinteistouutiset.fi,https://news.google.com/rss/articles/CBMimgFBVV95cUxNaHozU2JyanZ2T00wTHZsTWx3WmpXRS1qUERsVXhBZjdyRll6TS1TaGRGSlBrVWJVTU5GX1l0dHBDYkJNNVJMQ3dENlBsY1Zsd0NWMFBDSWRxczdfNnFUdDJ1QVhod2dheXp6V3NVQVVmM2ZacVdfejJhZ3oyTkN2UDZuVTZVSlFJVG9mSGQ1MjZaSTRacDAwc0tn?oc=5,0,Matala,,Ei tunnistettu
2026-09-28,Nimitykset & organisaatiomuutokset,Tunnistetaan myöhemmin,asset manager,Avy ylittää 60 000 kodin rajan Suomessa: ”Suomen markkina on ymmärtänyt sen” - Mynewsdesk,Mynewsdesk,https://news.google.com/rss/articles/CBMizgFBVV95cUxNcFMyNHFBcGxUWE1yU0tYeFlOcW5HbWFxVG9ydHdmS0VjUWJsbWw3b3lzRzFwSW01ZVlKS1Z2bFFDbVdpSExzVUJrcllpcGdsYnU2cUE5dlZqcVA1bWNsZFdkWWZXMWNaYURIWEgyblpEWDhrLUFSOUpSTG5wcjhhYlBKa1dvZWhMbGkzOElZQ2NlaGhRUVFmanhLSmZpc3JJZ0NQbEJvTzlXUlAyM0VmTGxqcGJqY0VlVGFPa2ZSU3A0dWFGN1N1M09YNk04Zw?oc=5,0,Matala,,Ei tunnistettu
2026-09-28,Nimitykset & organisaatiomuutokset,Tunnistetaan myöhemmin,country manager,Ruotsalainen halpakauppaketju Jula avaa uuden tavaratalon Kuopioon – vahvistaa läsnäoloaan Itä-Suomessa - Cision News,Cision News,https://news.google.com/rss/articles/CBMi5gFBVV95cUxNb2prZWJKcUI0QW82dWMyOHhibEJWbE1rUDVib0ExTTZ3b1k3dXl4ZWxXczl6NXlraThDc3pzZWRvVksyTHVCTURpMGdiY3JqVjlZS2hqeGY2QlVqMTlSYS1hQUZwNjNLa0tHZWUxVjJjallDVU1USW83bVA5NHpHLUp0MXdXN1hkN2J5NXh2a3F4UlA5bmV2dGhzcVNFeHNFd2d3VmFob1ViYU9CbGh6OGRBUWdnVkg5YmFFZ093WjhFbEtwOFZ5MFJtMWpobUlLenhGZEVHOHFmMllDbGdhQ0pud2FLQQ?oc=5,0,Matala,,Ei tunnistettu
2026-09-28,Nimitykset & organisaatiomuutokset,Tunnistetaan myöhemmin,country manager,The renovation of Linnansuontie has started this week. - Imatran kaupunki,Imatran kaupunki,https://news.google.com/rss/articles/CBMilwFBVV95cUxOS2lxUUFKaTItc1hONFBLSmdtb0E1NmpFY0dtRGVadmpoTFBiS3J6Q1REeTIxV01OeDdTS2pqZXhCdUNMb3BRMlRRTW1kdkxRQXF0V1ZGWG5wcE9WU3NFWVZQMDg4aW1YdmVxbHBBY1NWSGxuTWRkN2ZPX1haWWl0LTBPTG8tSEE0Z2QzUmVjWVE2OENGZGhV?oc=5,0,Matala,,Ei tunnistettu
2026-09-28,Nimitykset & organisaatiomuutokset,Tunnistetaan myöhemmin,asset manager,"Certified Human Leader, syksy 2027 - Keskuskauppakamari",Keskuskauppakamari,https://news.google.com/rss/articles/CBMid0FVX3lxTE1FZVZlaHBZZVF5WXVfbGwzYWZReE16REJ6VUo1RUpRNEVlWFliTFRqSDZMVzhtWFFUZFZXQWNubzU4OG43YnNsMndGa1ZKakJsMS1UbF9UbHNpbXNDUkdURGVkTmtMT3k3bUMycHVxSlY2ZlAyajhr?oc=5,0,Matala,,Ei tunnistettu
2026-09-28,Nimitykset & organisaatiomuutokset,Tunnistetaan myöhemmin,nimitetty johtajaksi,Vu Thanh Mai toimii Vietnamin tiede- ja teknologia-akatemian varapresidenttinä. - Vietnam.vn,Vietnam.vn,https://news.google.com/rss/articles/CBMirAFBVV95cUxQQjNzTk04VFY2TFZmRjg2NWhGcGVQZF85VjdyV3J2OUllMGg1QzA1S25aTnN4ZEJDdDBYaXg2ZTY2Z25yLU1SeWVjbExQMHFhbnEwdjgzd1dTWV9nNTZvZlhCX3FzaERLS1pISWFzOTJ6Smx3Nk1rYXhsM0ZrRGdTOV9xcmxjUUpqWDN4UF9BdkxPOXFrSFNDeUdQX2VrTFlwc0djTkVNb1VuN3Vw?oc=5,0,Matala,,Ei tunnistettu
2026-09-28,Nimitykset & organisaatiomuutokset,Tunnistetaan myöhemmin,aloittaa toimitusjohtajana,Näsinneulan ravintoloissa alkavat muutosneuvottelut – Aukioloajoistakin keskustellaan - Aamulehti,Aamulehti,https://news.google.com/rss/articles/CBMiZkFVX3lxTFBFMEQ5TG9VX21EYTVjMUFYN3FFbFVJRlI5VlllVGNKSVI2ZTJObk44NkZNeFpSRmZNMU14am9RX1hNU1l3V3pTakZfcl8yWDczUzEwTl9nc1Y3S2xVazFOa1NLWkFhQQ?oc=5,0,Matala,,Ei tunnistettu
2026-09-28,Nimitykset & organisaatiomuutokset,Tunnistetaan myöhemmin,nimitetty toimitusjohtajaksi,Tuomiojalta maailmalle ja takaisin – kotiseuturakkaus toi Aaro Heilalan RYP:n johtoon - Siikajokilaakso,Siikajokilaakso,https://news.google.com/rss/articles/CBMilAFBVV95cUxPdXIzTGZkbl92MEtaTXM1am53STJveUVNNDlmd0hScEVUWEszblQ5TDJ4UnNOWkhRYmk2VkVNdDRIVTU0YkFtSDItYzVoWDRZNkFqdFc4MEhWcG5wcHplSmFZaElsZjJ3c3hYYU5MaHp4ZFVOQXFQb3p5RFNYU0xyMmFNVWZpX1VTWkdkaGtZRS0ySjJs?oc=5,0,Matala,,Ei tunnistettu
2026-09-28,Nimitykset & organisaatiomuutokset,Tunnistetaan myöhemmin,nimitetty toimitusjohtajaksi,VTA Tekniikka ja Raskassarja aloittavat huoltoyhteistyön - Konepörssi.com,Konepörssi.com,https://news.google.com/rss/articles/CBMinAFBVV95cUxPTzlFMDNlbl85QnFRV3k0SVZtRm1NSkNocnVidzkzTGxsYWZ1M2FvQTdtSmx3MVdJbnZSWC0wX25PWk10UXZpWGFsLWY2cExwTVRNS1pOUEtCZHZQb18yTUhoM3FoM3kyQW1UU3dGYkEyNFBRdmM4V1ZCaEdaa3U2bzBxT21YVWxrejB4M0oxWmFZdXp3UDVRN1Z3MFQ?oc=5,0,Matala,,Ei tunnistettu
2026-09-28,Nimitykset & organisaatiomuutokset,Tunnistetaan myöhemmin,aloittaa johtajana,Circulation ostaa Piharatamo Oy:n liiketoiminnan - Konepörssi.com,Konepörssi.com,https://news.google.com/rss/articles/CBMikAFBVV95cUxPNjFsbm5xeUdnREs3THpWRk90Rm11cXgzVFdSdkF2UDdXS1BLSFBvWXFIa3BuV2lOeFhqaEh2TWxHQ1BqejV6UkcteU1NTGt4bW13cEhPeDIwRm5TQ0duNm5SYXBaSXJGMTVjb3lqREFEejJ1X1dOSzlacnpPTzB6R1B2QW11U3E3SWNCSG9USFU?oc=5,0,Matala,,Ei tunnistettu
2026-09-28,Investoinnit & transaktiot,Tunnistetaan myöhemmin,joint venture,"Quỳnh Lậpin LNG-""megaprojekti"" siirtyy uuteen vaiheeseen. - Vietnam.vn",Vietnam.vn,https://news.google.com/rss/articles/CBMigAFBVV95cUxPYVVJTUhKQ2QtNURJUzdkMHZwenFXbm5oRS1xRElXOTVkd1N6Q19yeVF3OHhfT1Y2TkpHYUYxeU9vYmtjZWk0WkN2RnRHdUZsQWVQczRqal9QUWRtSDZTcFg2TkJCQjIzOWduckI0N0pQTmlTaTBWUnFnbWtPREFtcQ?oc=5,0,Matala,,Ei tunnistettu
2026-09-28,Investoinnit & transaktiot,Tunnistetaan myöhemmin,joint venture,Quang Tri: My Thuyn kotitalouksien uudelleensijoittamissuunnitelman on oltava valmis ennen 30. syyskuuta. - Vietnam.vn,Vietnam.vn,https://news.google.com/rss/articles/CBMipAFBVV95cUxQQWhFaXhUZFpDTkoyenBXNHNwRzhTYUVwR3YzU1c0U1ptanJOUUlFWEdOaVdWd3ZTQ1lzOF9GZzBLZVJZQjdZc1RzRjMtRjhBNFNrLTRuX1dxdzRqNmFfSTVoODdld2Q2NVBWbG1KUVJWbnBGSmN3NTdTMTVPcjZwQURzNV9QSXYtUjJNdHI1RUF0UHhLVDJwVmlGeG1UZ203WFRLbw?oc=5,0,Matala,,Ei tunnistettu
2026-09-28,Investoinnit & transaktiot,Tunnistetaan myöhemmin,portfolio,Varma provided over €1 billion in funding for Finnish growth companies in five years - STT Info,STT Info,https://news.google.com/rss/articles/CBMi5wFBVV95cUxORVlwdWpreWRCekVzbHNNamF4MkNQYldmdjhlQkFHSWI3a0VoUk1jRUFUdHg3QXNhOXdoZkJObG1BWnpFYmsyckMzZDR2NVN3LXo2R01OVVlpdGlRUmRVN0hNQnNHc240UzBDX1NYbldNb2x5MmNvcnlDY2EzRnd2Vkp3dGw0TWdVaTdoc0Mtek81UGhCakx4ZXhZTW0xUmhpQllDNWlKei16b1ZINm51Z2ljQTdVYnVGY2huRjhDVWpVZ0p5UEdLNkxFNTNFeEgtYzdERThkcnRXRDEtdk03VXpHZnFxVlk?oc=5,0,Matala,,Ei tunnistettu
2026-09-28,Investoinnit & transaktiot,Tunnistetaan myöhemmin,kiinteistökauppa,Kaupunginhallitus hyväksyi Lauritsalan entisen paloaseman myynnin paikalliselle yritykselle - Etelä-Saimaa,Etelä-Saimaa,https://news.google.com/rss/articles/CBMiVEFVX3lxTFBDRmdOTUMxSTZKdjd0ZjFwYk94c0p3SHl6Mzd2bmJqSy1ZanByUDNzM2JZa1Y4bGlkLXdiclBTdm8wdXRiYjJROFQxT1VreDRodFQtYQ?oc=5,0,Matala,,Ei tunnistettu
2026-09-28,Investoinnit & transaktiot,Tunnistetaan myöhemmin,yrityskauppa,Kilpailu- ja kuluttajavirasto selvittää kilpailuvaikutuksia jätehuoltoyhtiöiden välisessä yrityskaupassa - Yle,Yle,https://news.google.com/rss/articles/CBMiQkFVX3lxTE9wQ2hZcGhzSFc3a1hnUmhDbk02UkNVaFExZUxfNkZGQS1mbGdOOHVncm5odzdzVk40aXpHMlFjV1JOQQ?oc=5,0,Matala,,Ei tunnistettu
2026-09-28,Investoinnit & transaktiot,Tunnistetaan myöhemmin,tonttikauppa,Moottoripajan Avoimet ovet -tapahtuma - Jämsän kaupunki,Jämsän kaupunki,https://news.google.com/rss/articles/CBMihgFBVV95cUxOeE03cWg1NnUzaU9CTU5kR3gtNk93THJzYlRnZmRGMmdNQ2Npb2toMTVDYVFISVpibVVNNHAwRU9yaUpnZkRHMk95NmxMZDgwNGk3MkV5eGYwWDhFODNPRTVRdW85OFIwd21sSmZ5akVia1R0ZTRZenctQkJTOUl3c2s3czJQUQ?oc=5,0,Matala,,Ei tunnistettu
2026-09-28,Investoinnit & transaktiot,Tunnistetaan myöhemmin,yrityskauppa,Kesko sai komissiolta hyväksynnän: Jättikaupan odotetaan toteutuvan vuoden loppuun mennessä - arvopaperi.fi,arvopaperi.fi,https://news.google.com/rss/articles/CBMifEFVX3lxTE1QWTl5WmtNM0lXU1RicEd4SjQ0d3Jsei12SjdvdEM5d0JJeHY4cE1WelFoclhjNTlGNWRKTEF6dW82QzhrY3RCTmptcm5ZZ0J3dFJ3OFVlSGFzUU8wdExuVkJIRmFGU2MzcGFsOUMtMmZaMGlXMTBlZjl2VW8?oc=5,0,Matala,,Ei tunnistettu
2026-09-28,Investoinnit & transaktiot,Tunnistetaan myöhemmin,yrityskauppa,Tamperelainen Elmo ostaa Microsoft-asiantuntija Solu Digitalin - tivi.fi,tivi.fi,https://news.google.com/rss/articles/CBMidEFVX3lxTFBZTldQQ0RRak9GTmF4cW45QXFZcnZDMExGMGRBaHFRb0JwX0VWbUhsSzIzM2F3QU5pSGpfVFhpUDFyVFE2ZFVKUGtVNFBqWnBwVnU1TDlGZTh1a2UzcU5UUEcxOUJfVHlNZzQzWGVaUWNQcHpw?oc=5,0,Matala,,Ei tunnistettu
2026-09-28,Investoinnit & transaktiot,Tunnistetaan myöhemmin,rahasto osti,Pelätessään Fedin uutta koronnostoa kullan maailmanmarkkinahinta laski alle 4 300 dollariin unssilta. - Vietnam.vn,Vietnam.vn,https://news.google.com/rss/articles/CBMilwFBVV95cUxOOC1DMlFOWndlNWhnbVRKTEdlUGEzckFtTnY2VGFHQTFJNzBBWmFQN045ZnAtbnpTUFJ2ZzRPSWk2aTNKdkEwM2ttcWhGT0xwd0pQRUREUUYxemNvRkVnU2pacnBNU1paZVQ5dmFjS2NnVGlqTzBySTY1eHNOSHV3X2JlYnhBeWJ0THFESVlPNFNSXzkzbkFV?oc=5,0,Matala,miinus: sää,Ei tunnistettu
2026-09-28,Investoinnit & transaktiot,Tunnistetaan myöhemmin,rahasto osti,XTB:n tarjoamat uudet ETF:t kattavat lähes koko osakemarkkinan - Letem světem Applem,Letem světem Applem,https://news.google.com/rss/articles/CBMiowFBVV95cUxQN2FyU1g5X2UwNW1UOXNySEtibWxQdE1Jcm9nNW5tQ2lkUUhKZEkya1M2eTItdWpjRWNENFNDb0YtWnNjWlIzclU0MGtaQk9LWGFMaVp3U0k1cXlLV21QendNVGJ2aWdXYnQyeGFhTGtfVk1FT3FkOUtLSzFDVGRLenJMOW5MWXRBYmk0UFBUWm5feHQzeks3RVRkT0hGMFMwNTRj?oc=5,0,Matala,,Ei tunnistettu
2026-09-28,Investoinnit & transaktiot,Tunnistetaan myöhemmin,kiinteistökauppa,"Pirkanmaalla myydään tänä vuonna yli 300 mökkiä: ""Kysyntä on selvästi piristynyt"" - Tamperelainen",Tamperelainen,https://news.google.com/rss/articles/CBMiXEFVX3lxTE5SMm5ZV2xLcFE4Wm9CRHVQUnRWZkJubHNhWllyRV9COF9MQ0pzdUxQOFJSSlQ0QWhVZVo1R0lmTElPWlZuMFI3cFN2YnMyekloY3JGSGVydFdhdzRu?oc=5,0,Matala,,Ei tunnistettu
2026-09-28,Investoinnit & transaktiot,Tunnistetaan myöhemmin,kiinteistökauppa,"Sotkamo myy liikehuoneiston 25 eurolla, rivitaloasunto lähti tonnilla - Maaseudun Tulevaisuus",Maaseudun Tulevaisuus,https://news.google.com/rss/articles/CBMihwFBVV95cUxNRU5RQ0RsQVpYbFVKV3Nsam5hTzV4QnpEaFZTNVotX3g4c1c3bnViTzk3THFzdDVicG1qYktVZjU1WjFFbWJlUWw3djJpYzhPZGQyOEdXWEk5bFNwUlRCUWI1RTJDdmdqT1BPU2stLTdSMXZSQ1RhVk1USUVWM0t1bk5ERGItM1k?oc=5,0,Matala,,Ei tunnistettu
2026-09-28,Nimitykset & organisaatiomuutokset,Tunnistetaan myöhemmin,uusi kiinteistöjohtaja,Järvenpään uuden S-marketin avajaispäivä selvisi - Keski-Uusimaa,Keski-Uusimaa,https://news.google.com/rss/articles/CBMiXEFVX3lxTE5pb19aVXNUMkNiMUdNV3A3am1iaFRqQUJxNElYVEF3eWdOMVdlOVZ4NW1kOFRkWXhZYmlBdUZjZ3hVOTh1R1l4b0F0WVh6dWlQdmJ4WlNTZ1ZYZExV?oc=5,0,Matala,,Ei tunnistettu
2026-09-28,Nimitykset & organisaatiomuutokset,Tunnistetaan myöhemmin,rekrytoi johtajan,Kohuttu Javier Torres lähtee Kansallisbaletista ennen aikojaan - Ilta-Sanomat,Ilta-Sanomat,https://news.google.com/rss/articles/CBMiW0FVX3lxTFBKdDhfZUZKeDJMajZkRHlqSFVIa3BzWXdzY0FENURFZkNQUWR5ZFBmREU0RFlTQW9wXzVFcWpFS2UyUlhLT1VxOVV0Xy1zRFhtTWk3dnZNZDdkaXM?oc=5,0,Matala,,Ei tunnistettu
2026-09-28,Nimitykset & organisaatiomuutokset,Tunnistetaan myöhemmin,uusi aluejohtaja,Henkilö | Porilainen Niko Kivinen johtaa Nordeaa crossfitin voimin – nyt henkilökuntakin treenaa yhdessä joka viikko - Satakunnan Kansa,Satakunnan Kansa,https://news.google.com/rss/articles/CBMicEFVX3lxTE5oQjRvN0pEcTJoOEpUcDFmb1c1OHdEeEY4RHRFNElVcmxBYW1UMmFPMWMxSWJ0X3RHUGd6OUViUFlaNWhETUZoOEhiWjJZdkJScXBVcm5CY3FIQW93ZDd3aHJRN3czdzhBWHRpLUlNMlI?oc=5,0,Matala,,Ei tunnistettu
2026-09-28,Nimitykset & organisaatiomuutokset,Tunnistetaan myöhemmin,uusi aluejohtaja,Nato-johtaja: Tämä on Vladimir Putinin vaarallisin ase - Uusi Suomi,Uusi Suomi,https://news.google.com/rss/articles/CBMie0FVX3lxTFBDeVF1cWMtUVIzeTNuNGhCZldrUTRmUjdXTG1JVFh2MlItOElHLXVOT1hPeU5HUHFyY1ZNQTZfNklxSjNjRlA1aGVrVGZuV2pwYTRkNUtYSWlkV0VRME43dHFrZlNoSG9la0RUQi1LR2lpOWMtb3V0QUdUVQ?oc=5,0,Matala,"johtaja, miinus: ralli",Ei tunnistettu
2026-09-28,Nimitykset & organisaatiomuutokset,Tunnistetaan myöhemmin,aloittaa johtajana,Paavi Leo aloittaa vierailun Ranskaan - Etelä-Suomen Sanomat,Etelä-Suomen Sanomat,https://news.google.com/rss/articles/CBMiVkFVX3lxTE1TWHl1Y0FLcGl4aWpDMG1SYXlKUUlEWV95Ni1ISEJ1VHdhS0xWNHlINDY4SDRsaU9MTTJwdElLWGx5S3FQaHVHd0RTdWZVNVlIOGNzYnNn?oc=5,0,Matala,,Ei tunnistettu
2026-09-28,Nimitykset & organisaatiomuutokset,Tunnistetaan myöhemmin,uusi aluejohtaja,Guyanan öljy | Iranin sota toi loistoautot tuntemattoman pikkuvaltion kaduille - HS.fi,HS.fi,https://news.google.com/rss/articles/CBMiXEFVX3lxTFBCOUFvOUFoZUc4QTRlbXoybU1kNFBvSGM2Z3dnN1hSQ29zYXA4dkxYUjBoa2F4bGY0X3J2Q1Z2VzlmbjJ5bUdteXJnOGVudUNVaS0yblNQU0NSX2pJ?oc=5,0,Matala,,Ei tunnistettu
2026-09-28,Kaupunkikehitys & kiinteistökehitys,Tunnistetaan myöhemmin,kiinteistökehitys,Kiinteistöpääomaekosysteemin laajentaminen markkinoiden päivityksen jälkeen. - Vietnam.vn,Vietnam.vn,https://news.google.com/rss/articles/CBMikgFBVV95cUxObmN0eHZHT1A1Z3Y0RzQxdFpaN0gzWW12eFdjWnlmVThFNFFIQko2d3JSS0Y2V0dnb0ZpNXo4aGFQeFJnLXJteVJQS0ZfNkpUUjdBUjBwZmJBaENrZTc3dmVOOTNJX05QVUJSMUtpMFpYc3B1bXh4enhpN1RORXlKY21ZSExDdzBfa3JnLWVSUWhoQQ?oc=5,0,Matala,,Ei tunnistettu
2026-09-28,Kaupunkikehitys & kiinteistökehitys,Tunnistetaan myöhemmin,aluekehitys,Politbyroon 28. elokuuta 2026 antama päätöslauselma nro 27-NQ/TW alueiden kehittämisestä ja kansallisen kehitystilan organisoinnista uudella kaudella sekä puolueen maakuntakomitean suunnitelma päätöslauselman nro 27-NQ/TW täytäntöönpanosta. - Vietnam.vn,Vietnam.vn,https://news.google.com/rss/articles/CBMi0wJBVV95cUxPT0RWZU1IZkd5Wm5veWFKZjNSaWFZTkVZb2VPT3gxUVYwMi1TRzhJdXItMXd3cTNTa1NaVzhMME5SdHJxZE5UT3o2YXU2R0YyaUlURkxidGN5SkYyTnlsdmZvV3F5anY3REVna3NmZ0pQdTB0UlVaZGt3Qk9lTmc5YzJBT0x3ZHpvQzdNQkhYdGc3dE80azdEQ2NzQ0VkNVpVbWdTd0pWMEgyYW55cUhhRTZUeDJjLW9odmFxWk9KY2pSOE9ZTVhyM2V2VGw1QkRxd3RsdlVRbUdNdnJrWlN4ektOalhOYk51dGh1ZV9wVUF6MmNYM3B2Z1VCeGQzQ2tOUWRFTENnODh1bmNZSGszS0tuajRpc3ZHVjFXV1ZoSmdRTUIzMXF4c3g5aFF4WnJaNFIxcV94bVB0NGtsVFpWRjh4UzVyaHo0aUxvbnFOdFJrekU?oc=5,0,Matala,,Ei tunnistettu
2026-09-28,Kaupunkikehitys & kiinteistökehitys,Tunnistetaan myöhemmin,kaavoitus,"Asukasyhdistys ei hyväksy ""kukkulakaupunginosan"" lisärakentamista – ""Julkisista maisemista tulisi yksityisiä"" - Helsingin Uutiset",Helsingin Uutiset,https://news.google.com/rss/articles/CBMiYEFVX3lxTE1XY3ZLYkNUelJjRGpaVzdFSi1fRzUtLUxQZ0dzSzJBZ0hqbW9hd0EzVjBiVXROM290SGNya1J2TXl6d1NDdnVwdV94dVFId1lxMU9tYUNmYzhjNHJtbTJlTQ?oc=5,0,Matala,,Ei tunnistettu
2026-09-28,Kaupunkikehitys & kiinteistökehitys,Tunnistetaan myöhemmin,aluekehitys,Constitutional Affairs MEPs to visit Denmark and Iceland | Kohokohdat | Etusivu | AFCO | Valiokunnat - European Parliament,European Parliament,https://news.google.com/rss/articles/CBMiugFBVV95cUxQZk5uRGRpdXltN3NwV052M3NaUE13amZwMzZydkFZcVVmYXhySlFpdGtUQkt6RURmY0g1UHktbHlGSEpNMGJvNEFURTZYbWdLVnU3dVV2TGQ4TWltOFpYVTBxVU80OG9VWlNvVjY5YU5fWWwxMHBoRllYeHVsZGk5bzRNZVpReEVLWUtfelhzOXRPVFVWUnB2SnFHOUVWTGhjamI1R2x0T21mb3BFdmpqUm9vWC11TVJTblE?oc=5,0,Matala,,Ei tunnistettu
2026-09-28,Kaupunkikehitys & kiinteistökehitys,Tunnistetaan myöhemmin,kaavoitus,"Keskustavisio 2050 | Lohjan ydin kehittyy entistä notkeammin, ja jalankulkijoille on nyt upeita uutisia - Länsi-Uusimaa",Länsi-Uusimaa,https://news.google.com/rss/articles/CBMiXEFVX3lxTFBxSnRIeVYxRnA0NElVT3BUb2NJWi1JdEFob1NOanhHX0dqRUVqd2FfT0lDWld0STA4dHloR0o5QVRzZXdzSU1RYVY2ODNxS19BaUFUUmxwQWRrOFM3?oc=5,0,Matala,,Ei tunnistettu
2026-09-28,Kaupunkikehitys & kiinteistökehitys,Tunnistetaan myöhemmin,kaavoitus,"Kaupunginhallituksen puheenjohtajistosta kovaa kritiikkiä Kuopion rakentamiselle: ""Eihän sekään mikään nätein alue ole"" - Savon Sanomat",Savon Sanomat,https://news.google.com/rss/articles/CBMiW0FVX3lxTE5NTkxKdlBOV0FIY1pTUlUtVHdxREw5alhQNmdaRnFKRXFfUktTTkFrN29SbkRoVGNRM2dqUnF4emhfbzRXVDkxWl9ZLVA2V3hCM0pFRnNTdmFwRVk?oc=5,0,Matala,,Ei tunnistettu
2026-09-28,Kaupunkikehitys & kiinteistökehitys,Tunnistetaan myöhemmin,kaavamuutos,Meri-Rastilan kaupunkiuudistuksen ensimmäisen korttelin rakentamista valmistellaan - Vuosaari-lehti,Vuosaari-lehti,https://news.google.com/rss/articles/CBMiuwFBVV95cUxQbFNLaWdnc1RVa0NoelduOFV2YVo4WEZJZnU4aGFXSlNNbENqcHgwWlh1ckhUcko1cFVhZHVTN3BHR2l4YUlyWDJlTUZjeWgxSE9kZVhWdGFuZHhLLWFIUUM4VVZZblc4bm5iZkdvdGdpNDA3djZrX19OdEwydmE2Y1FOSnlKZE44Z0VXWmpEc2VWYVNJM0dLenp0eTZiUXlOMldBMmptR1lneGFjam1BZ3d0RVZUUlpjS09n?oc=5,0,Matala,,Ei tunnistettu
2026-09-28,Kaupunkikehitys & kiinteistökehitys,Tunnistetaan myöhemmin,kaavoitus,"Maanomistajat ovat huolissaan Syötteen osayleiskaavasta: ""Yksityisten maita ei saa sosialisoida"" - Iijokiseutu",Iijokiseutu,https://news.google.com/rss/articles/CBMijwFBVV95cUxOMjRaaFVpeU5iNno0QzQzNUVzdnRUSDFvQ1Q2QVVJbXZHUDRGVlcxWWNpQUhWczM3NGxnTEI5MmpHdUJ4NDZoTEVnS2pTY09xcTF4aXotVjF4ZGotTFFacnBja3A2am9qdm5kQVFuemJkMEN5ak9Hc3ZmS0NtLU92VWYyOC1kenFUSkFEcTdpRQ?oc=5,0,Matala,,Ei tunnistettu
2026-09-28,Retail & kaupalliset kiinteistöt,Tunnistetaan myöhemmin,päivittäistavarakauppa,MTK ja SLC pyytävät KKV:tä selvittämään S-ryhmän ketjuyhteistyön kielteisiä vaikutuksia kilpailuun - STT Info,STT Info,https://news.google.com/rss/articles/CBMi9AFBVV95cUxNZkdLbE1vN2UyTFNNX0Y5S1BDUjctaDNZTy04R09YRVN4emhIRHZLOEs4TzhQd2xTRTZnT0hEaHRfN0RsYjRQNGtrZEZlYUtlanhZMDVvbEUzUEtGMU1za3JxOElqNzUzSjY3MHdXc0dlN1NSZzRCYmU2eVlSTU9LUm5DNW1EREVwRlA1emJYY0VNSTdDYXlVTDlKUkdybHc0YWdaZzFkYlg4d0JrcEFTUm9ZWTFCNHBSUG90bnllTFRrd0RNRkR2X0YwUGxvY251UHQ0anlGQnMtb2FSYWlSZ1hURm5aaV9FRU1ieXF0QWdxSHJh?oc=5,0,Matala,,Ei tunnistettu
2026-09-28,Retail & kaupalliset kiinteistöt,Tunnistetaan myöhemmin,päivittäistavarakauppa,Kauppa iloitsee: Ruokahävikki pienenee koko ajan - Demokraatti.fi,Demokraatti.fi,https://news.google.com/rss/articles/CBMiekFVX3lxTE4xZDM5anNjQUNRaTVmT285MjZ5VnBEYk9INmExQXRhT0VqZEJKd2V6TVdxSkIzSmR3QU1OMTdYeldkREdaVXpmbHJvUlJjc0luZWJqakk0WkpJZC1wN0RMZEZSd29QNnVzOHpHNUJYWkdfQWw1RTFsOXpn?oc=5,0,Matala,,Ei tunnistettu
2026-09-28,Retail & kaupalliset kiinteistöt,Tunnistetaan myöhemmin,päivittäistavarakauppa,Ruokahävikki päivittäistavarakaupoissa väheni edelleen - Yle,Yle,https://news.google.com/rss/articles/CBMiQkFVX3lxTE9pSUVnalgwblJJc3ZiUS1Jd0YwUENJeHFqUGZsNzI4Nzd4WE1GYW5SQ0tUUC1HdjVoV2FSd3A4UFI4UQ?oc=5,0,Matala,,Ei tunnistettu
2026-09-28,Retail & kaupalliset kiinteistöt,Tunnistetaan myöhemmin,hypermarket,Prisma Wiklund valmistuu lokakuun alkuun | Turun Osuuskauppa - STT Info,STT Info,https://news.google.com/rss/articles/CBMirgFBVV95cUxQdWlmNHZrT0lZb0ZkUVNIRXJOWW9qc2Y2S0lsTzhwV1pWLWdSS1FQZU53aVNhbXV6S0VNb29ndUtrV0RJWVFGbGJrejlVQWFVTkN2N2d2VjJPcE9QRllDdWUyd2dVcFUzUmkzUWJEekt5bDdRLUdacnp3Z0RzWDYtS2tLek5WOTVwOFdPT0lKOFktdDRGX0d6TzZxazZZejlHVFBBaV85LXJ5MXJpanc?oc=5,0,Matala,,Ei tunnistettu
2026-09-28,Retail & kaupalliset kiinteistöt,Tunnistetaan myöhemmin,big box,#37 Näitä Suomi-formaatteja maailma katsoo + Pirjo Heikkilän jättihitti + Floppaako Domen leffa? - Apu360,Apu360,https://news.google.com/rss/articles/CBMi1AFBVV95cUxQS21TOGZpUXp5dkpDeEFvUUNsNks4VzhjLS1EVjlTcFZtV0M0cm5vdDd2cmZhbTBBRGFBMUpTei1JT1BFVVpxbXRrSmdvakNOTklaUWhnZVk2dzFkaUUtUjREdHd2ZVhLVEgyc3dTVmFKWTBPYVFOWmtEdm41RXdDcTc2TTk4STEyT19xSFF1SUNhNzlLZ05nb0pFZFFFbXduOE1zemk2SnBVOS1MZ3U0eDdMVExxMENhWlU0TlBYQWZETG05NEMySzloQXdFUkZacVk0Vg?oc=5,0,Matala,,Ei tunnistettu
2026-09-28,Retail & kaupalliset kiinteistöt,Tunnistetaan myöhemmin,big box,Varman big box -kohteet Kotkasta osti Nordika - kiinteistouutiset.fi,kiinteistouutiset.fi,https://news.google.com/rss/articles/CBMif0FVX3lxTE8zSWNxbkJ3QXZuQTd1c2tnRXRaXzBNeFRQYTZtUEp5ZzNiWXhCQmdqeV9SLUY2NnBtSEpBbXZIMEQyRGFKQ0k5X1lEZ21ROEFJT2FLbDFjNkV3bUNiV2hPMzZDOW5HblM3RXJwNW1LYmFkcXgxWDBqWXhpVGJxRTQ?oc=5,0,Matala,,Ei tunnistettu
2026-09-28,Retail & kaupalliset kiinteistöt,Tunnistetaan myöhemmin,retail,"Tekoälykeskittymät laajenevat Euroopassa – Lontoo, Pariisi ja Berliini johtavat uutta toimistokysynnän aaltoa - Colliers",Colliers,https://news.google.com/rss/articles/CBMiggFBVV95cUxNbVBhM1VFc3BpcmE3RS10TkhYaFJ6SncxOUhhb0hXRlY3aEdsb2s0N2FBODRwdUhIU1duNmtrQ2FjQ25GWWZwQ3VDM0dIMUpEdGlCeU9HeG1xSmVaNTRhOG5NZzg3SXo1SjJEalVVT2RIeWNCUDVXUFJvSWE0VHRhTWh3?oc=5,0,Matala,,Ei tunnistettu
2026-09-28,Retail & kaupalliset kiinteistöt,Tunnistetaan myöhemmin,retail,VietinBank tekee yhteistyötä Central Retail Thailandin kanssa QR-koodimaksujen edistämiseksi. - Vietnam.vn,Vietnam.vn,https://news.google.com/rss/articles/CBMiqgFBVV95cUxQWkpCcXRSeWVReUxsaUJJdEtLdmF1eWZUNUszUS11M0tvSlc5WDBlSjhEck1ZSm5aQXRJZEJwRWVCTW03d1dBazNEakVGeUFwemh3YmhTdnprdlVaMFJWM2luM1ExQW5uVmxpS2tfeWFvR1ZQYjBDdzIwR0laQkozSkxTSmlnd21sMVl0UzJFZ1h0a2Y0MEd2RmE3TE96bm52RTczbnpub29sZw?oc=5,0,Matala,,Ei tunnistettu
2026-09-28,Retail & kaupalliset kiinteistöt,Tunnistetaan myöhemmin,retail,Vaaon opettaja lähtee kilpailuihin Kiinaan – edessä on yli puolen miljoonan ihmisen jättitapahtuma - Valkeakosken Sanomat,Valkeakosken Sanomat,https://news.google.com/rss/articles/CBMic0FVX3lxTE1xZ3hsYnhMVHhuRmpUZk1NUjVfX093N1NuemRkRXRPTHpGbm1pal9xRFphVnROM2RzWS1JRzlPdERYVTJQb0hvNnZLeEtnMVNpSnRDSE1UckFNdnlfMzdNc2cyb0FMWUNYQXd4QTFJdEQ1Y0k?oc=5,0,Matala,,Ei tunnistettu
2026-09-28,Retail & kaupalliset kiinteistöt,Tunnistetaan myöhemmin,retail,Suomelle kultaa ammattitaidon MM-kilpailusta - STT Info,STT Info,https://news.google.com/rss/articles/CBMiswFBVV95cUxNTkpDZ25kSWZKN0ltRDlVWUZsazB2NHRTMm1kalJKRDZfR3YwUnVTRXNwQXdFVktXN2UxM1lHT3JnNFZIbjRPVE55WTVhaXhoMVpCY0ZhTEdSRDhtNDRZZTFNRVhWV2lqMjhIcTdKeVk1T0RnZHNHWlRqV1dhZXJGQ2RyYk9xVmVQcWk1bXA1eGNyRllWbTZlZ1VfVmo2QTN0LVo0dkR1UV9QaVVpQ2JnbE9IMA?oc=5,0,Matala,,Ei tunnistettu
2026-09-28,Retail & kaupalliset kiinteistöt,Tunnistetaan myöhemmin,liikekeskus,Brittijätti Frasers Group jatkaa hankintojaan Suomessa - kiinteistouutiset.fi,kiinteistouutiset.fi,https://news.google.com/rss/articles/CBMijAFBVV95cUxPM29qUUdVNG9GelZpNlhzX2lCRHROQTdtNm8wMjcwTE5KclRxa2dheXp3SHZOVUlaSXRoZnVYUzczVzA2NzJMTzFMOWNLb1Y4eUU4Z1FMeEhfUUhQSzRGMzhvVWpRa1U1RHdzejAyQl91SDh4elByRTAtVkxaVHJUd3dtRThFUmh2SUVNZw?oc=5,0,Matala,,Ei tunnistettu
2026-09-28,Retail & kaupalliset kiinteistöt,Tunnistetaan myöhemmin,kauppakeskus,Lounaslistat viikolla 40/2026 - KooKoo,KooKoo,https://news.google.com/rss/articles/CBMicEFVX3lxTE1BTFp4cWNwb2k5TzlHaGRxRjE2azhiUkU1cWZOQkhLN242dUd3U0ttbHVnOFB6WEZDZG5UdVVQZGZ4OF9sSjdjcWVrVlBPT01odjh4UlFRY0kxVGJIYlhOeXFqc1JqX1p5RGVscWRmOWY?oc=5,0,Matala,,Ei tunnistettu
2026-09-28,Retail & kaupalliset kiinteistöt,Tunnistetaan myöhemmin,kauppakeskus,"Kolumni | En ymmärrä, miksi Rediä vihataan - HS.fi",HS.fi,https://news.google.com/rss/articles/CBMiWkFVX3lxTE5KdHNrdEJUbXZPa3V1ZWpDalBubUhBekVUbzVRdVZtVFBkWjZ1UHIxOFkyRE9Lb2Q1M0xrR2ZmcS1kbVp2NEhTV3luUlVid2YzSm9FYmhhajFBUQ?oc=5,0,Matala,,Ei tunnistettu
2026-09-28,Retail & kaupalliset kiinteistöt,Tunnistetaan myöhemmin,kauppakeskus,AINOAn vahva vire jatkui kesällä: heinäkuussa myynti kasvoi 12 prosenttia - STT Info,STT Info,https://news.google.com/rss/articles/CBMi2AFBVV95cUxQcUFRZkdWbXc0STZWYTlBU0ljN0lrVFlFb3l3NFdTUEptdEQ0SDlhdHBRc1J2QllLN1MwdTBMZmgwd2lwVjlxbnYxdlFHeXR1MjJPWC16dDdYMnBvbDVtMlFoZ24ta0hXdHhSb3k2Wmhpa0E0d2FqWW4yQV9JVXlrTnFEX2xyQ1pIMkcyMTBQNzZYQjRvSnRfcDV6VTdkV0V4ak5ralNpQjhfZHFrLTlVM0pNQjF3Ym9KUlBocDI2VHdHUFRuZ05KelhlYVRGTXhlTHZMQ3dTYkc?oc=5,0,Matala,,Ei tunnistettu
2026-09-28,Rakennus- & toimitilahankkeet,Tunnistetaan myöhemmin,business park,Former Mayor of Imatra Kai Roslakka has died - Imatran kaupunki,Imatran kaupunki,https://news.google.com/rss/articles/CBMihAFBVV95cUxQMGw0bmEwLXJqendJc1RZQkFqUGJwUkJpZk5HUEpqQ1pKQ1FTZGpMLWZjU194LWJYRUZ6T2Rad3BtUS1HM2lCV1VFdWJDeFFsVG5FUkVBOTE4Ri1lUW10TUJXVjZRemRua3ZTRXZnZG1KUzFEQzgwRUlqUWtyY2NHemI0aVE?oc=5,0,Matala,,Ei tunnistettu
2026-09-28,Rakennus- & toimitilahankkeet,Tunnistetaan myöhemmin,business park,"Vinhomesin tytäryhtiö Vinhomes on juuri voittanut tarjouskilpailun 21,5 biljoonan VND:n arvoisesta projektista Hung Yenissä. - Vietnam.vn",Vietnam.vn,https://news.google.com/rss/articles/CBMilAFBVV95cUxQSGRmNEswenZ4a1l1WVNzOFI3MU9pSGNROVZLeVlEU1VySWZrM2tjdFI2QXlYeWFHV3NUNEhhVUlOSUFtTTdMWjFOU2NIV2NUR2RaVHdhQ3d3NmRLcF8xZ2lrd1k3Nm9zcmVlU2UtTlVxeHlIRlpTX1h2Ri1sUnd2V0kzNzdKampoc2xFYmVlSzZxMy1O?oc=5,0,Matala,,Ei tunnistettu
2026-09-28,Rakennus- & toimitilahankkeet,Tunnistetaan myöhemmin,rakennuttaa,Yhdysvaltain suurlähetystön pihalle nousee puusauna diplomatian tukipilariksi - Yle,Yle,https://news.google.com/rss/articles/CBMiQkFVX3lxTE44R01heHBCb1FJby1WbUtVZGpnZUliWFpBekMwR3JwU09xRXI0ZE05WWZKSW1Od1hjZ0NqT1l5eHFCdw?oc=5,0,Matala,,Ei tunnistettu
2026-09-28,Rakennus- & toimitilahankkeet,Tunnistetaan myöhemmin,uudiskohde,Uusi asunto käytetyn hinnalla: Nyt tulee ”halpisasuntoja” - Talouselämä,Talouselämä,https://news.google.com/rss/articles/CBMifkFVX3lxTE5RLVRDV1JpcHpYSFF5V2I0Mk5CNU5kb2QwX0d4bVM2T2Y4WjQ4UVZnYVFfWk9uTmQ2SHVXcE1WRkRTamNES1I1a0xoT18wMURzUVQ4MWFQWVV6RVZMYnF2NVRZdGZ1d29kVjVNTmY4cVBZWUhlbGlSdE02a1Zrdw?oc=5,0,Matala,,Ei tunnistettu
2026-09-28,Rakennus- & toimitilahankkeet,Tunnistetaan myöhemmin,business park,Imperia Sensa Park: Missä mukavuudet muokkaavat elämänlaatua - Vietnam.vn,Vietnam.vn,https://news.google.com/rss/articles/CBMiiwFBVV95cUxNVzBzeWx5ZmgtdWRTTVdhbS1XaFh4S0c4Z2t6aTJzaEF2TE1uQUgydXdvZUF4OWxoSUpEV3ltYWxwZy1rNGFlWFdsTmM3SzdSODFEdGhhOWlmbGxNa3JjYm5UNWI5QW5rSkNnNmoyRmY1RkE4azJwOXUzakp6ZFRLS1l0UHBQdkFlTkJz?oc=5,0,Matala,,Ei tunnistettu
2026-09-28,Rakennus- & toimitilahankkeet,Tunnistetaan myöhemmin,business park,"The performance of the play ""Flies"" at Imatra Theatre on Saturday, September 26.9th has been cancelled. - Imatran kaupunki",Imatran kaupunki,https://news.google.com/rss/articles/CBMipAFBVV95cUxPWGcwQTl5bng2MG5kLWs4YmJ4a3pQVWdPc21wVnU2b3A0OW9Yb2J2Mk5EM0drWmtwbFdwQUt0YWtGUi15TXF0WXhKbVpUYU1fNXlKMUlETnFqYTJ0RFFnX1BNZ2prOGZLajhyZU8wY3A4THB1Nkl6eVJYOFRpZ3lhOU5UaUNkVnhVT1F0LWN3cW5fdWFtT0RrajZ1ZE1LNHpRd3IxcA?oc=5,0,Matala,,Ei tunnistettu
2026-09-28,Rakennus- & toimitilahankkeet,Tunnistetaan myöhemmin,kampus,Kuka johtaa tulevaisuuden merimaailmaa? Rauma kokoaa merialan toimijat keskustelemaan Euroopan osaamisesta ja kilpailukyvystä - ePressi,ePressi,https://news.google.com/rss/articles/CBMijwJBVV95cUxQVkl6OVl6OS1GNU5VTVFLeEpBTi1pTUl4NndPVzlRbFhYU0xVZXhjYl9tdkxyZ3BaV2M4Zk1ndWRKbGFOLXpFc2lYYWs4U0czendjWWNNSHVIQkZjcFBrLS1SbnRqOFUyTVN1Zi1RMjY2em9SZnB0a0R5cFhucVN0YVJvUU01NTFyYXdqbm5jcVhCd0FhX05adV9kTkl2eFhEbWV3VVZYVkdmYWE2VERldDRfQXdkcUQ2VUE4OU1HbUNfWVBxWlRuMGVxUXpuOUtiUzl3SDE4QU0tQkp5R1FkM0JBR1hCWXFVbEpRdmhFMUtmQzFxb0NVV2I2X3dTVXpfanlySmYwcmUzSXNITXVn?oc=5,0,Matala,,Ei tunnistettu
2026-09-28,Rakennus- & toimitilahankkeet,Tunnistetaan myöhemmin,kampus,Seinäjoen Kirkkokadun kampuksen rakennuksissa on avaruutta ja valoisuutta – katso kuvat - Yle,Yle,https://news.google.com/rss/articles/CBMiQkFVX3lxTE51cXBmMThfSkhzTlVBcERsbFc4dVNTUmNubWxSblN6NkppenVMOXpPNlBaTHRSVWYyb1pDdjBtRXBQZw?oc=5,0,Matala,,Ei tunnistettu
2026-09-28,Rakennus- & toimitilahankkeet,Tunnistetaan myöhemmin,kampus,Sörnäisten rantatien vanhat viljasiilot muuttuvat valo- ja äänitaiteen näyttämöksi 25.9. - STT Info,STT Info,https://news.google.com/rss/articles/CBMi6gFBVV95cUxQS3owM01BS1N2aDR1aHZ5LXdlUGtXTG9UNmd0ZzhnZUdEdmNOOFJOblQ3SEVxellxZ3c5a00zbkRkZjRNZHQxTllvWnBpTlZxV201NS1qZ3hjQ2F6cU5rQnFaeHJQbEdUVmdrYVUxVzlDWlBjbzRXZTlCY0FIaDVrLU81STR5LW1aVnlYUmJ5T0JOOTdiM2s3SkVxR3pHS3JPSk0yOUdrQlJqNGN2Uk5LamFWSE9UOFRfQ2FRZ04zN1o5bVFYOTFQdDhOR0FhZ1EybXZTSEJWdmdIVjZMbzI1dVlSS1hOMWJZRVE?oc=5,0,Matala,,Ei tunnistettu
2026-09-28,Rakennus- & toimitilahankkeet,Tunnistetaan myöhemmin,rakennuttaa,Kirkonmaan yhteysaluslaiturin lähelle on suunnitteilla 85-metrinen aallonmurtaja - Kymen Sanomat,Kymen Sanomat,https://news.google.com/rss/articles/CBMiW0FVX3lxTE1FLWNBNmJKU0lwd0x6dm42Z0dJbkJ3cS11NzBwR1R4MzM2MF9PRXhmejhYQlAyemRUS20wejBtdW1ELUtjXy11X0FJaWgzZUJjR29OMGdPdzJqVE0?oc=5,0,Matala,,Ei tunnistettu
2026-09-28,Kaupunkikehitys & kiinteistökehitys,Tunnistetaan myöhemmin,masterplan,Stanley Tucci aikoo varastaa Mona Lisan – katso Masterplanin traileri - Episodi,Episodi,https://news.google.com/rss/articles/CBMioAFBVV95cUxQRElJLVgzalAxQmkxb2ZFblM3MEdWdlZxQTN0YU9Lc0dnczJNOUtYMzU2MnJYQ2tQVW9zUzlLZXV1MmRVc3VuWjgwbExueVpWdmtWSlB3V25Dd1RselczMTF5ZW1ZdllHYkx2OXVPUmY0M0dIWXR0d1lEMzFOUTVZcW0yRjYweUpPSjhwQ2drU29zazhUNUttWHBoYjRmLWFV?oc=5,0,Matala,,Ei tunnistettu
2026-09-28,Kaupunkikehitys & kiinteistökehitys,Tunnistetaan myöhemmin,masterplan,Arvio: Tauko on tehnyt Masterplanille hyvää – Metalmorphosis-levyltä ei löydy turhaa fylliä - Soundi,Soundi,https://news.google.com/rss/articles/CBMivwFBVV95cUxNcFJRVVQyTVZqQ0VIZDhsbDY4c09LUGU4b2ZRNVJFX1l0emxhclRXUENRV3F6M09EdWhVOFdFVGhaYzRNRXFDZlVfVHRKYmRxNHRlWGdZTjRDd2o4RXpjV3FHb1phTU9vOWlKOGREaVFLcE5hMXloSXE5aWJzejR3UW4xQktoUno0MnQ4N190amIyTTBfUzFISFRVU05PTzBRQ0pwdzdkYzlkckhIa3U5Tk16bDltSkluVklZczBWcw?oc=5,0,Matala,,Ei tunnistettu
2026-09-28,Kaupunkikehitys & kiinteistökehitys,Tunnistetaan myöhemmin,masterplan,Stanley Tucci yrittää varastaa Mona Lisan: Masterplan-traileri - V2.fi,V2.fi,https://news.google.com/rss/articles/CBMingFBVV95cUxPSEJ6RUN3dGxFcllSb1RDSV9vT1djMUZvbmZKNUJydkVvYVhKbW1aMGg1YndjNG5jYXh3bkF3R25xNVowVGJWQVJ2ZmtpbTY0dzB4Ym0wX2NqTVdINlI3aDBHOV9tY1JEejNiTlp3cXJxYjlYRFVMNzdUZ0hkc2c1NFJVTjNFbEtlVm1vdTZDaVJjR29SQVI5bmZsdC0tQQ?oc=5,0,Matala,,Ei tunnistettu
2026-09-28,Kaupunkikehitys & kiinteistökehitys,Tunnistetaan myöhemmin,masterplan,Masterplan : Stanley Tucci tähtää Mona Lisaan Prime Video'n trailerissa - Sortir à Paris,Sortir à Paris,https://news.google.com/rss/articles/CBMiggJBVV95cUxPVWdySV9ZZDZBcGcxVDFSQXNqdzFNSFhZazU2WjAyTEtoakphRm9CTTdOQ1ZkR2xXOXFTS0NQdTZYQXVNOGFrOVptb1ZkaW5nNVNyVHdvdU5SVzdiME5sSnpoTjY3SElhYkhCVm1hRHpkV2wzWDJ2dmVfcElxcWhETTlPSEEwMGVQUkQ2c3V0RkpOdERQeEhuYnNLU1h2SFhkOTlvSlJsYm03Mm5yMjBBS19OdDhUVjA1REdId0lvOFA3TWh0LUlMZEtkYURKS1FRcGpYa1VsZ005LWJoVUdaTlM0aHdXeU8wMzVIMGhPU1VsRDgzU3QtUmVxeE1vTS1WakE?oc=5,0,Matala,,Ei tunnistettu
2026-09-28,Kaupunkikehitys & kiinteistökehitys,Tunnistetaan myöhemmin,kiinteistökehitys,Stendörren suunnittelee vähittäiskaupan suuryksikköä Vantaan Petikkoon - kiinteistouutiset.fi,kiinteistouutiset.fi,https://news.google.com/rss/articles/CBMiogFBVV95cUxPN2dOQ1YzaWRVd0ZOMk9STjFSd3hidTVaSkRVMlBUUS1QX3BnT1dmY09fRmZnMVNMMVNEUjljLVpldEI4SjFTSzU1QVNMQUUzMFEwY0h2RTVHblRIbkdmVHFYSE1WNlBrQllTMEFiVUN1QmhYd1hvYXkzY1VkaVJXelZ1RzNacUV6U3RNTzdCOU12R1ZpSGtnei1URHZ4X0lqbGc?oc=5,0,Matala,,Ei tunnistettu
2026-09-28,Kaupunkikehitys & kiinteistökehitys,Tunnistetaan myöhemmin,kehityshanke,Da Nang soveltaa erityismekanismia mineraalivaroihin yli 45 000 miljardin Vietnamin dongin arvoisessa hankkeessa. - Vietnam.vn,Vietnam.vn,https://news.google.com/rss/articles/CBMimgFBVV95cUxNYTNQbkhxV1dRUVlrVkJRU3VZYy1CUGd5WUp5YXRPU19DRTBtMm5NX1lOakdaTW9uRWxacUJ1LVVuSDdxa1lZRkc4VTFkNFh1MWFaNWtaM2ZvcEZEODlpZGE0WHhLanhWalFfUFJkTFNLdzhrUVVsWXZLRnlJamFSaXZnTXBHem5SM2NBRGREbDBsMlo4ZE5XM213?oc=5,0,Matala,,Ei tunnistettu
2026-09-28,Rakennus- & toimitilahankkeet,Tunnistetaan myöhemmin,rakennushanke,"”On kiehtovaa ajatella, että talossa on hirviö” – Nokian hallituksen Meredith Whittaker ei luota tekoälyjättien varoituksiin - kauppalehti.fi",kauppalehti.fi,https://news.google.com/rss/articles/CBMifkFVX3lxTE1sa2U5bTljbWRYbDBkQUpJU0MtRXRXZkNsX1RpTFVheTJaYnN3MEdMRU5MU1h3MVgtWGJXMzg2V2JmdFNQR3dLNnpudVc0TUJjSkRUYUxyMjl0ZGpvdXNaVWMtT1VPNnFydUtrdXVRWGRqUzhHRzItZTV0SzNJQQ?oc=5,0,Matala,,Ei tunnistettu
2026-09-28,Rakennus- & toimitilahankkeet,Tunnistetaan myöhemmin,rakennushanke,Putinin salainen jättihanke paljastui - Iltalehti,Iltalehti,https://news.google.com/rss/articles/CBMifEFVX3lxTE5OWnJMZTMzUVI0cWV6bmQwblZzNTdHaHJVQ1lzTFg0X2N1U3N2Zkxuelg3enhnb3YwVm96UDVteFNHb1QzUmNmTG5MRFBzQ1N5eUpxNmtFVW9xUS15ZFF3b0ZUUC0yZ1R3T19TMEVlQ1ZTTGdYNXNpMllUYmQ?oc=5,0,Matala,,Ei tunnistettu
2026-09-28,Kaupunkikehitys & kiinteistökehitys,Tunnistetaan myöhemmin,asemakaava,Vanhan Raahen kaava voidaan määrätä voimaan yhtä tonttia lukuun ottamatta – Asia esillä kehittämislautakunnassa tiistaina - Raahen Seutu,Raahen Seutu,https://news.google.com/rss/articles/CBMijwFBVV95cUxPWERGS1NoY1NFYWVjTlJTZkhIN2JmaDBBbnhwZjNvYmNNZXpUbzNfbnR5VWpmeDF6cldoWnR5ZTJpOE9lMmhDckRHU3VDNEJkb211MEN0QjduYWRaMUN3Tk0zdjk1ZW5meVNDV0RTSmtDTFNkb1NSdm1Lb0hSeEU1RkdxNGlKSFBaWTI5UEtaOA?oc=5,0,Matala,,Ei tunnistettu
2026-09-28,"Logistiikka, infra & datakeskukset",Tunnistetaan myöhemmin,terminaali,Yli 7 600 ihmistä kilpailee aikaa vastaan ​​saadakseen Phu Quocin lentokentän valmiiksi ennen APEC-kiistaa. - Vietnam.vn,Vietnam.vn,https://news.google.com/rss/articles/CBMikwFBVV95cUxPN0Q4UnlGdHFxY3k2eWtUTHNneFY4akl5TktLalBIdHpmZVN1amdKM0JTUDFIMXlMYTR4V1NieVU4cEJYZ3VUc0pkc3pjVE5oQzVqWGhodk45UU1Qcml4RWVYWkJIMnI4OEdmWUYtMVhIa3BSMzVyQnVWYnFlZDVCVmYxWG5vOG5aRS1rVWs0dDB0WUU?oc=5,0,Matala,,Ei tunnistettu
2026-09-28,"Logistiikka, infra & datakeskukset",Tunnistetaan myöhemmin,varasto,Varasto Ke 11.11.2026 klo 23.15 - Ilta-Sanomat,Ilta-Sanomat,https://news.google.com/rss/articles/CBMiXEFVX3lxTE40TzNSd0U3TWU5WW1Jb2J3WXN0cmE5Mmtlc2NfMDdGcno2ZGgycjBJbGJqQmZjQmNJSndKcHlBSGxtT1RnNmF4cUEzVlVSb1hGU2hyU2p2QmcxQkVY?oc=5,0,Matala,,Ei tunnistettu
2026-09-28,"Logistiikka, infra & datakeskukset",Tunnistetaan myöhemmin,varasto,Stora Enso suunnittelee Kristiinankaupungin aaltopahvipakkaustuotannon lopettamista - Metsätrans-Lehti,Metsätrans-Lehti,https://news.google.com/rss/articles/CBMivgFBVV95cUxNaFVPZTQ2RlRwZ2pHZlhReFhqS2hrdFcwSUlyX0dLZlMtSkZ1dVRwU2J2MVZjNjkzbGUwX09CUzhKejhzZ2F6WFR1X1dCbnBZWmVfeEFNOUwzaVVRSWVZazBVXzYtc1pKd1FJT09tbC1aQXAyZFZ3dDhHNVYyS0ZJcURsYnBBU0NzMDQ2a1BWZWkxVS05cnY0Ykp1RFF5Vmo0MW1RSEVCeHplcVhWWFV3RXBucVlVVTJQUXEwVEpn?oc=5,0,Matala,,Ei tunnistettu
2026-09-28,"Logistiikka, infra & datakeskukset",Tunnistetaan myöhemmin,logistiikkakeskus,Ketterä geotekniikan asiantuntija tarjoaa laaja-alaisen osaamisen ja toimivan asiakaspalvelun - Tekniikka&Talous,Tekniikka&Talous,https://news.google.com/rss/articles/CBMi6AFBVV95cUxQU1FsZ21uMFR1UUVGZ3QtSlJDNDhRRTlweURkWGJ1anNYeDAwZ2lxOTU0R29mZ05XS3FISlJncmp5VHRwX3EzMUN1Z1IwWDhMSzJNRmZsVVRBWWdpdTJSa3J6eXRVMklUVnB5ZXpuY2dQRGFPWDNaTTJNWnJCT0t3YjZGbDFzM3JqRGJXOHA3NVVLZ1pFOFZ5U0Jjc2pCajhKRmNuSmtzWkV1UzY2ME4tMHFDWGdQaC01Mk51N21zemRwcnhiQUhXU19fYWw3UkFxcFp6V0pKbnpMM0JEVW9NMC1vUXhvMFhM?oc=5,0,Matala,,Ei tunnistettu
2026-09-28,"Logistiikka, infra & datakeskukset",Tunnistetaan myöhemmin,logistiikkakeskus,KNAPP toimittaa automaatioratkaisun Keskon uuteen logistiikkakeskukseen Nurmijärvelle - Osto&Logistiikka,Osto&Logistiikka,https://news.google.com/rss/articles/CBMizgFBVV95cUxNS0JjNTlKdS04NWE1NmhycTc1TFh3SG0ySWhNTDU2Q3dzQ2VMbnplVG00dmx6NDRLN2ZBZEtnOW1COXVaamlEaGctTTlPTTJwZ2NZWUlqalotUjV5eHpvYlFIakpQVV96S2RqZUlSd0lDOElXUW11TG1nek1Cb0U1MXpJa3lLYjM0SEx6WmdOSDg2RXZVRmJsdWVNcmJsSjhIQ3c3ZV9fMkVaRkh1LU9oS2JMNEhPbHNuTXFVcVl0bndCRDd5MFVYR3pKSW1pdw?oc=5,0,Matala,,Ei tunnistettu
2026-09-28,Hotellit & hospitality,Tunnistetaan myöhemmin,hospitality,Vapaaehtoishaku vuoden 2028 U20 MM-kisoihin - Finhockey,Finhockey,https://news.google.com/rss/articles/CBMijAFBVV95cUxOTjFoUnJNVUFpZGNpSzlDQmM1YUwxMmd5R184SExLSDFtbnNDMWllSTI1M0hwbEdnSTJhbWNGUVNwWjI1cVkwamhpUGViQkk4OW5JZ1BvTzFnTVoxMEFmNFdDUHBPUXRjTUFmTnZPTzJ4TlJHZ29Pb2tKdzY2ZWQ5Q05Pc3VUMDZKNklmZQ?oc=5,0,Matala,,Ei tunnistettu
2026-09-28,"Logistiikka, infra & datakeskukset",Tunnistetaan myöhemmin,datakeskus,Rakennusbuumi | Tio Toivonen meni töihin datakeskuksen työmaalle ja haluaa nyt varoittaa muita - HS.fi,HS.fi,https://news.google.com/rss/articles/CBMiXEFVX3lxTE5sbTNDekFGcEJTZEJtX3JKN2xac1UxMGM2eU5VWm1uUnY5R2NPVy1LWjdReDUwRjJNU195VjlxdkN6cXhxWVFFbXYzRW5RT3dMc3dQendINmRCZWg1?oc=5,0,Matala,,Ei tunnistettu
2026-09-28,Retail & kaupalliset kiinteistöt,Tunnistetaan myöhemmin,kaupallinen kiinteistö,Mynämäen uusi K-kauppa avautuu torstaina - ts.fi,ts.fi,https://news.google.com/rss/articles/CBMiQEFVX3lxTE1mdXNleEgybU1VYVZMZE1hNm9GRU96a0ViVjVLVWhWcndHRGhzYkI1b2VmUDBIX2ZIRzlhanU3UDk?oc=5,0,Matala,,Ei tunnistettu
2026-09-28,Retail & kaupalliset kiinteistöt,Tunnistetaan myöhemmin,kaupallinen kiinteistö,Senaatti-kiinteistöt myynyt Kotkan virastotalon kehityshankkeeksi - kiinteistouutiset.fi,kiinteistouutiset.fi,https://news.google.com/rss/articles/CBMimwFBVV95cUxQTGFqODM0TGU0blNpcEMzQk9FWlJvcVpSeEMxUzRyZzV6UkZzTUdscERhZExvejFOX0ZaSWh4blVVcEZ2cm1YXzZqbUVmaThGcktuazlJYmRNYVlnQkRMVG5zd1l2Y0hJM290Y3VnZW1tZGlJMjJBWldsNkJQOUQ5d2tfb0ktWkwwQ0o4bFJfR3lWajUzOVEzbFp1OA?oc=5,0,Matala,,Ei tunnistettu
2026-09-28,Retail & kaupalliset kiinteistöt,Tunnistetaan myöhemmin,kaupallinen kiinteistö,Lukijalta | Kaupan liitto vastaa: Kauppa luo työpaikkoja ja elinvoimaa Lahteen - Etelä-Suomen Sanomat,Etelä-Suomen Sanomat,https://news.google.com/rss/articles/CBMiXkFVX3lxTE1HOHhDbkJjOWsxd3ZaaXpiUzdVdnVlTGxhMG5jaTZzQURjMV8xYnZDdEI1X1YwNTFOTFBTdDVXOHNrY3NMeVNqN0NiRzNqVHNQNlYtZ2s0S0RKczdYWEE?oc=5,0,Matala,,Ei tunnistettu
2026-09-28,Retail & kaupalliset kiinteistöt,Tunnistetaan myöhemmin,kaupallinen kiinteistö,Analysoitua tietoa sähkömarkkinoista kiinteistöjen omistajille - Tekniikka&Talous,Tekniikka&Talous,https://news.google.com/rss/articles/CBMivAFBVV95cUxOMFFCWGhDS2tFdGxLcWE2bm5PcjMzSFkzd3dCa1FDWVRzNWFxNm8yTFNEQk9md1hBOXh6RlMtZmJuekR4TjktMXBZc3gwZXgxeHB3SzZqd1RjNFBhb0NNLUVQYWFvVlVKZXAzaTF1My1uV1JXRkpqeXhNQTEydjREbGdFMUJnaVN6ZEVYOVNHM1VyLWRxYTNVeWJiemZ6a3JTbVh6TFpXT3phcHdfTDdmVWFsa3hCUmJuMEJOYg?oc=5,0,Matala,,Ei tunnistettu
2026-09-28,Retail & kaupalliset kiinteistöt,Tunnistetaan myöhemmin,päivittäistavarakauppa,Keskon Ari Akseli kommentoi kilpailutilannetta Salkunrakentajassa: Kannattamattomat ovat karsiutuneet - Maaseudun Tulevaisuus,Maaseudun Tulevaisuus,https://news.google.com/rss/articles/CBMihwFBVV95cUxNZ1dBMUhHcXN4UG93YWZXWmJQcVZfT3dnRU1MSS1tcnZyaTFSR0VkOVl4bWhTWGxFNllESDJteUFFTmtCV2JTaGVGb0FSR0lFSjYycVBtR3UxaEFCdHlic1JGeUtfSE9GaGJoaTAwdV9qNTZER0hHZ2tlSDRFbDV2V3lHdWphU00?oc=5,0,Matala,,Ei tunnistettu
2026-09-28,Retail & kaupalliset kiinteistöt,Tunnistetaan myöhemmin,päivittäistavarakauppa,"Muovikassin kallistuminen vaikutti heti – ""Käyttäytyminen on pysyvästi muuttunut"" - Etelä-Suomen Sanomat",Etelä-Suomen Sanomat,https://news.google.com/rss/articles/CBMiT0FVX3lxTE9ScWdfNGR0ZXRsUkJYc3JuRW4wRFNJeWlxcXp0dDEwZ0tFbDlmWDRSY2E1LTRkb2tYYnlnWjdMcDlTX05tb2lLZHVtOXhicGs?oc=5,0,Matala,,Ei tunnistettu
2026-09-28,Hotellit & hospitality,Tunnistetaan myöhemmin,resort,Asuminen | Uudenmaan uudella luksusalueella tuoksuu raha ja raikas mäntymetsä - HS.fi,HS.fi,https://news.google.com/rss/articles/CBMiWkFVX3lxTE9pQy1zazhWZEx3bFVRQW9lN3hYZFB3THNEcENCSlJTTTJpR1RYRXNMYzFFMW80bF9BZFNKaDh4ZXp4NGR3Y18ya3h5aWZIYnNYLU9UQU4tMGttZw?oc=5,0,Matala,,Ei tunnistettu
2026-09-28,Hotellit & hospitality,Tunnistetaan myöhemmin,matkailukeskus,Talousvaikeuksissa oleva Järvisydän pyrkii jaloilleen - karjalainen.fi,karjalainen.fi,https://news.google.com/rss/articles/CBMiWkFVX3lxTE5Kby1jeUJOd3RHS3ZXeUJRWWZMaXVZWDNCLVRnMDloU092Wkh6b3BPUWt5bzBBSmVWc1g1eFZMWE5wOHJSc3ZyOXJTUGhMVWZ6QkJKekZkamJIUQ?oc=5,0,Matala,,Ei tunnistettu
2026-09-28,"Logistiikka, infra & datakeskukset",Tunnistetaan myöhemmin,terminaali,Foz do Iguaçun lentokentällä on historian suurin liikennemäärä toista kuukautta peräkkäin. - Aeroflap,Aeroflap,https://news.google.com/rss/articles/CBMi9AFBVV95cUxPcHFyNko1Z3RNSW5CajZWVmNMYnJtczMyY25TTUVjMk5nZ0dvTFJpcFZya0J0dFJFa21KekNFNWdkMXdGbFI3UGhYbGFEV3F3Rkl6c0ZucUR0YlNvS1NuYzVqRmhJcHlOLXJiaEZBazRQT1NXYmE1SXMwVU54U2NaYmFESlYtUHEtWG1GSHplVE9HZjdVTkl0eUpiWGlsUkwyT3QwRU9WVXFQQjFId3JncHd2TkEwTTRtSFl0THo2SlotWG5FTHczc1NsS3BfSGV6emU2anZDaFNGZTFXeFZqWFc2ak5SaEZWajgtc0Yya3JoMW5j?oc=5,0,Matala,,Ei tunnistettu
2026-09-28,Hoiva- & yhteiskuntakiinteistöt,Tunnistetaan myöhemmin,terveyskeskus,Äänekoski ei yhtiöitä sote-​kiinteistöjään - Sisä-Suomen Lehti,Sisä-Suomen Lehti,https://news.google.com/rss/articles/CBMiX0FVX3lxTE0yRkRPVUsxUW80amEyTmZFbEZoVy1vYnVac19odWIta3VRYUkzd04xU09RRERkQ0lxamVrUHlrSE03Z2hodXdzZDBsdngtbmN2SW1jZDVQUHAyWmZaRms4?oc=5,0,Matala,,Ei tunnistettu
2026-09-28,Hoiva- & yhteiskuntakiinteistöt,Tunnistetaan myöhemmin,terveyskeskus,Jopa yli 500 € vuodessa: Heihin asiakasmaksujen korotukset iskevät eniten - Iltalehti,Iltalehti,https://news.google.com/rss/articles/CBMif0FVX3lxTE5DODdHYmJpQmRxRENxLV94VE9yN1l5cDdySTJSX1FxS2NPUkQyLVVJMENzQ193VGNOSDhMNFM5Q3Z0amdBcHZQS09kUG9ldzJXelRTU3lfT0hoUUdJbWpYMDh0WWVVWC13eFpHdlNwQUxWb0ZianQ5WUxQYTJLSlk?oc=5,0,Matala,,Ei tunnistettu
2026-09-28,Hoiva- & yhteiskuntakiinteistöt,Tunnistetaan myöhemmin,terveyskeskus,Can Gio avaa ilmaisen terveyskeskuksen ikäihmisille. - Vietnam.vn,Vietnam.vn,https://news.google.com/rss/articles/CBMilgFBVV95cUxPNGNEcHpSLVRfN01DYWJzUHN0Qk1FZWtTdVgwYWRXWmI4S1dncHpUdENFcmdDUlo1ZFFJSm96VkYzbkR0WFE1X1I3OTFyS3RSaHl6cG9kbDZ2QV9WS0ZzQ2dCT0Zhb2JPdGM2aHdtWnVQZ2J1YnBTOXlnUHlyVGt2a0N4eFY5V1YxMWNCRUl6WVFSNGdvZ3c?oc=5,0,Matala,,Ei tunnistettu
2026-09-28,"Logistiikka, infra & datakeskukset",Tunnistetaan myöhemmin,ratahanke,Mielipide | Savon oikoradan Lusin linjauksen edistäminen nykyisillä tiedoilla tulisi pysäyttää - itahame.fi,itahame.fi,https://news.google.com/rss/articles/CBMiY0FVX3lxTE8tT01xMjljblc3R2pmTWp2ZWxWd19IamthR24tdzdydjVhaGxoY2ZrS284SGRkT1ZpVm9JeThYaTAxOTVLcVpBMUFPbzgySTVaVmVDTmZKcVJnZlIyX1BadVViRQ?oc=5,0,Matala,,Ei tunnistettu
2026-09-28,"Logistiikka, infra & datakeskukset",Tunnistetaan myöhemmin,vihreä siirtymä,"Lahti isännöi vihreän siirtymän seminaaria Brysselissä – ""Yhtä tai kahta paikkaa vaille täynnä"" | Päijät-Häme - Etelä-Suomen Sanomat",Etelä-Suomen Sanomat,https://news.google.com/rss/articles/CBMiT0FVX3lxTE51QTJ3VjMxNnpKVUZQMmNEdy1GQWJiWDNKOWhydFNfSEpLNmpKY3ZDOU50QURZbzNoaTJhVTVmZmN6a2JsZU80dU45Tk9wQ1E?oc=5,0,Matala,,Ei tunnistettu
2026-09-28,"Logistiikka, infra & datakeskukset",Tunnistetaan myöhemmin,vihreä siirtymä,Valtioiden lainakorot tekevät ennätyksiä – taustalla historiallinen muutos: uusi peluri rymisteli markkinoille - Yle,Yle,https://news.google.com/rss/articles/CBMiQkFVX3lxTFBacU5kemhhdmpab1p0LW81d2NtTEs1eWpfU2lkandKRDV0aGFjcF9ZOUpWdUV6OUwyMEkwM1lfQ244UQ?oc=5,0,Matala,,Ei tunnistettu
2026-09-28,"Logistiikka, infra & datakeskukset",Tunnistetaan myöhemmin,vihreä siirtymä,Mielipide | Unelmista ideoiksi ja ideoista teoiksi - Soisalon Seutu,Soisalon Seutu,https://news.google.com/rss/articles/CBMia0FVX3lxTE53NmJRV29XbnBhb00taGdHMUJka21HN2pBM05wM2VTTndtb1dSUjBRZ1d4WWVGdWhsUVNHOFJpekV5MXRYQzdnblFiMFRwb0tiMW8taGpLWnAtcTBvRWc3UHFfbXJOUklaYUlF?oc=5,0,Matala,,Ei tunnistettu
2026-09-28,"Logistiikka, infra & datakeskukset",Tunnistetaan myöhemmin,terminaali,Phu Quocin kansainvälisen lentokentän tarkistetun yleissuunnitelman toimittaminen rakennusministeriölle arviointia varten. - Vietnam.vn,Vietnam.vn,https://news.google.com/rss/articles/CBMiqwFBVV95cUxPdlBBd29RNHZ2Y0JOVHAzVlJNN0lsdmxoTHI4T1ZlZGViYV9KajRuNURBVWg3VndzUzg2QXlUV0s0Q2pQczlaaFRCZWtqVE40SUgxWjBnV0xsb2FlblN1VGotck9neW9CVDJVTDNQVHc2UlI1RjFGQ2xrRFhXdkd4Uk0zdTR6QUtkOGdqS2tTeEp0RnVyYnF1LVZQOEEweEVtaHlMZkJsOFRsNFk?oc=5,0,Matala,,Ei tunnistettu
2026-09-28,"Logistiikka, infra & datakeskukset",Tunnistetaan myöhemmin,terminaali,Phu Quocin lentokentän useiden osien yleissuunnitelmaan tehdään muutoksia APEC 2027:n palvelemiseksi. - Vietnam.vn,Vietnam.vn,https://news.google.com/rss/articles/CBMiowFBVV95cUxOa0RmY2hhZkM1cF9pX3k1ZFQ5V215ZDF6THo1Vjh5WTJiRXptejdCQVM3Z2M2WTdjZ3NBdUxNZzNWSFZ3N3ZDZEpzMzUtOXBSVTRGdXkxYmxUaDFfVklIMGtkZUtQWF9LMUs4X0hoU1BIeHJDaVFXWW9WdGhWTmdBcmFyNlVabEdTMXdCZk5BMVBaMmZka3VmMkVnSnoydE04Rm1j?oc=5,0,Matala,,Ei tunnistettu
2026-09-28,"Logistiikka, infra & datakeskukset",Tunnistetaan myöhemmin,vihreä siirtymä,Hyötyjä vai uhkakuvia? Etla-seminaarissa pohdittiin muutosten vaikutuksia kilpailukykyyn ja hyvinvointiin - Elinkeinoelämän tutkimuslaitos,Elinkeinoelämän tutkimuslaitos,https://news.google.com/rss/articles/CBMi1gFBVV95cUxQMjViUUtiSTE0MHUwVi00eDN0dGRNTmszaWc0SVRIUDN2S1dVM0djNklWdEd2bFB3bzg1dEhEMmx5bzBxdWNOWXhHS1ZySzlVZWFKZVdLeGVSQjJ6aVZSSDY3RHQwM3ZtUGlFU1Voc3hMYlRYcWFmamZCVGMybllqVS1xWUxHV2RYb2gtTUQwOGU5SWZxYnh1bVhvRjV4dW5NVGVOTjF0Qno0NWJfNVNmai11VE9sOFROZHFlMDhMaHlMMWhjeFVzTHh3RXJ4ZXgtTUpCV1pn?oc=5,0,Matala,,Ei tunnistettu
2026-09-28,Hoiva- & yhteiskuntakiinteistöt,Tunnistetaan myöhemmin,terveyskeskus,Itä-Uudenmaan hyvinvointialueelle esitetään koko henkilöstöä koskevia yt-neuvotteluja - Yle,Yle,https://news.google.com/rss/articles/CBMiQkFVX3lxTE9VbC1rbHl0SWxaS2NUTFE3RE9BSEozcTQ2R3lfdTZBV2pOX3M1RkN3dWtHYmRlY2ROS2hLY3lob0lTQQ?oc=5,0,Matala,,Ei tunnistettu
2026-09-28,Hoiva- & yhteiskuntakiinteistöt,Tunnistetaan myöhemmin,palvelukoti,Pohde sulkee kaksi ikäihmisten yhteisöllisen asumisen yksikköä tilojen puutteiden vuoksi - STT Info,STT Info,https://news.google.com/rss/articles/CBMi7gFBVV95cUxPQXljeDZ4VjY1TGNGcHNWQUpVcXlhSXNRcTFMMG9WWHhPaHZkSktONjJ3bEk3TDFQMEx6bWIyWkhhZllRRUFDeXRjZUdTSUgzNVpBN003Rms0WEFzR3M5eWdtUnVHYjZfVHppVTlBb09KemRpbVZhRDN0eXZhWXlpbnZ4Z2VZMTBNeXFsYi0yNElHb1VLLWpobGRpUmlxZmtmeDJKd1NBWUZMYVpCeGQ2cENrZDQxUkFON1h0TUdVVkhvRTlRLTRjb29fNnh0UUxjUGpuRnBHVURVRHR4UTBPQ2lqQktZSDlobV9QcmtR?oc=5,0,Matala,,Ei tunnistettu
2026-09-28,Hoiva- & yhteiskuntakiinteistöt,Tunnistetaan myöhemmin,palvelukoti,"Pohde lakkauttaa sittenkin Lumijoelta palvelukodin, jonka tilat eivät täytä vaatimuksia – Myös Utajärven Metsola suljetaan - Kaleva",Kaleva,https://news.google.com/rss/articles/CBMiiAFBVV95cUxNdG8yTWZmNE5udXQyVlNZeVFDb3NQdW5DdXFidDB3M2hjWlB6dkRmaGtEOW52d0M5a0hHXzRjcThtN0h0WXRpQXF2cGdEc3RYcElkUmZ6QlZ1Ujh2UjgwcUpiM1N3dDlGNU9SRjQ3MEFtSGFVTTVTdHYyY0ZWTEstNWlmOG9BdS16?oc=5,0,Matala,,Ei tunnistettu
2026-09-28,Hoiva- & yhteiskuntakiinteistöt,Tunnistetaan myöhemmin,palvelukoti,Hyvinvointialue päätti lakkauttaa pikkukuntien palvelukodit – perui päätöksen jo kerran aiemmin - Yle,Yle,https://news.google.com/rss/articles/CBMiQkFVX3lxTE5abVNYY2w4QUs0SXJaSWxiOVpQNlhLRDhsOHVUQXJ0Sk9LS0RzcTJNcUsyR2RXdjBNSFNxX0c3UmNlUQ?oc=5,0,Matala,,Ei tunnistettu
2026-09-28,Hoiva- & yhteiskuntakiinteistöt,Tunnistetaan myöhemmin,palvelukoti,Mäntyrinne suljetaan lokakuun alussa – ”tosi suuri suru monelle asukkaalle” - KMV-lehti,KMV-lehti,https://news.google.com/rss/articles/CBMiZEFVX3lxTE1zMFZVQ29GSkVMUmF1ZkQtTVNHQUxac05CN2lVOUxaaFc1dGpXUXM1V0owd09TaGlRcG1ieXR4d09FbWJxY1JITWxrVFhXLXBKNW1oT2hoSjBRdEVCNjRNNTlLekw?oc=5,0,Matala,,Ei tunnistettu
