id,date,category,region,keyword,title,source,url,bbf_score,priority,matched_terms,detected_region,relevant,north_finland,ai_category,summary,relevance_reason,confidence
0,2026-09-29,Investoinnit & transaktiot,Tunnistetaan myöhemmin,investointi,"Googlen investointi heilauttaa Suomen kansantaloutta ylöspäin, vaikka leijonanosa investoinnista valuu ulkomaille: ”Kainuu tässä eniten voittaa” - Kainuun Sanomat",Kainuun Sanomat,https://news.google.com/rss/articles/CBMi1gFBVV95cUxPMGdPZUFybVR1Sy14dFpNYjJKel9WUW0yTDhFaEZTOEhYMm5PTlA3UEo4RzVUajB4OG53b2hNaDNlXzJReEhIejJuV0pTWktCLVR6SWVMa3Iya2szaFJydS16VWRRdEVsZHppQzVBR2d3RWhaVGx6M2pYOHhzT1d6cGExUXZWbG9kb0V3MXdqNlB3VmRuNXUtcXlxYVRlb3pHdnFoVm5mMGFuLUZ4azVvdmZiUmFFMHUxUVN1RDczMS1CRERySTFDVWM2NG5fMVpfTlpLMVJB?oc=5,52,Korkea,"investointi, investoi, kainuu, Pohjois-Suomi",Kainuu,True,True,Investoinnit & transaktiot,"Googlen merkittävä investointi nostaa Suomen kansantaloutta, ja Kainuun odotetaan hyötyvän siitä eniten. Tämä osoittaa Pohjois-Suomen alueen houkuttelevuutta suurille kansainvälisille hankkeille.","Tämä uutinen on erittäin relevantti, koska se koskee suurta investointia globaalilta toimijalta, joka vaikuttaa suoraan Suomen talouteen ja erityisesti Pohjois-Suomen alueen (Kainuu) kehitykseen ja liiketoimintamahdollisuuksiin.",100
1,2026-09-29,Retail & kaupalliset kiinteistöt,Tunnistetaan myöhemmin,kauppakeskus,Kauppakeskus Revontulen laajennus etenee yhdeksänkerroksisen mallin pohjalta - asemakaavamuutos asetettiin nähtäville - Lapin Kansa,Lapin Kansa,https://news.google.com/rss/articles/CBMijgFBVV95cUxOX0pvcmlGMEViclpWdk1aMlZoOU56NXRKRFBUS09mOGtrdV9UZEptS016TDlBdnkyd0Z2TXFjeFJ4eXNOUVNrdk9IVC1GWlAtSG5mQ3ZZblhjUllUeHN5YWJzeGpyc1dCem5tYlplZ21vTXZTaXQ1WUQ4TVJXcER0MXhjV2luWFVlSHNHcFVR?oc=5,51,Korkea,"asemakaava, kaavamuutos, kauppakeskus, Pohjois-Suomi",Ei tunnistettu,True,True,Retail & kaupalliset kiinteistöt,"Kauppakeskus Revontulen laajennushanke Rovaniemen keskustassa etenee yhdeksänkerroksisen suunnitelman mukaisesti, ja asemakaavamuutos on asetettu nähtäville. Tämä merkitsee merkittävää kaupallisen kiinteistökehityksen hanketta Lapissa.","Uutinen on relevantti, sillä se käsittelee merkittävää kaupallisen kiinteistön kehityshanketta Rovaniemen keskustassa, joka on keskeinen kaupunki Pohjois-Suomessa. Hanke vaikuttaa kaupunkikehitykseen ja vähittäiskaupan alaan.",100
2,2026-09-29,Investoinnit & transaktiot,Tunnistetaan myöhemmin,investoi,Kaupunginjohtajan talousarvioesitys 2027: Oulun talous vahvistuu ja kaupunki investoi kasvuun - Oulun kaupunki,Oulun kaupunki,https://news.google.com/rss/articles/CBMisgFBVV95cUxPV01vZXNpLWM3TkFaMzJqYmNZUlU3R0FENXhjNzNvck5veEZOalQ5QzFkRFRfNlNLcWNaUEtxUjZ1VUtMcUNwQThJUEZxVWM2bU9fbGtRdms0RkdoY3BtalJCWnpSZ0xKT2pSM2JPNkszMHdfUUx0S2RFWXVsTkpiSVpuUDdveElVSUFzYThwWHQ5OXllLWwzV2owRXlpaVRMR05UNEpfelZ6SlA2MEJWSmF3?oc=5,43,Korkea,"johtaja, investoi, oulu, Pohjois-Suomi",Oulu,True,True,Investoinnit & transaktiot,Oulun kaupunginjohtajan talousarvioesitys vuodelle 2027 ennustaa kaupungin talouden vahvistumista ja investointeja kasvuun. Tämä viestii Oulun sitoutumisesta taloudelliseen kehitykseen ja uusien hankkeiden tukemiseen.,"Oulun kaupungin investointisuunnitelmat ja talousarvioesitys ovat erittäin relevantteja, koska ne ohjaavat tulevia kaupunkikehitys- ja rakennushankkeita sekä yleistä liiketoimintaympäristöä Pohjois-Suomen suurimmassa kaupungissa.",100
3,2026-09-29,Investoinnit & transaktiot,Tunnistetaan myöhemmin,investoi,Oulu investoi jälleen ennätyksellisen paljon ja velkaantuu – Sopeutustoimien uskotaan kuitenkin purevan - Kaleva,Kaleva,https://news.google.com/rss/articles/CBMiiAFBVV95cUxQTW9oUXMzXzVJb2hlZlNkRHJ6bWJwcDF4RTJEbnA5eXpyck04STQxbUdRWVp0SS00ZWZXSFAyZDZrendDX3E3WlhYb2x6MVNwY1p3b09lR1FjM0Z0NVhMcEx4aEdlSmNQUERpUDFQTkRSSWJfa3FNclVMVmtoVGdwMnpjSGNDMHhm?oc=5,37,Korkea,"investoi, oulu, Pohjois-Suomi",Oulu,True,True,Investoinnit & transaktiot,"Oulu investoi ennätyksellisen paljon ja velkaantuu, mutta sopeutustoimien uskotaan tuottavan tulosta. Tämä kuvastaa kaupungin aktiivista kehityspolitiikkaa ja valmiutta panostaa kasvuun.","Artikkeli on relevantti, sillä se syventää Oulun investointipolitiikkaa ja taloudellista tilannetta. Kaupungin suurimmat investoinnit luovat merkittäviä liiketoimintamahdollisuuksia rakennus- ja kiinteistöaloille Pohjois-Suomessa.",100
4,2026-09-29,Rakennus- & toimitilahankkeet,Tunnistetaan myöhemmin,rakentaa,Euro­parlamentaarikot kiittävät Oulun tapaa rakentaa kulttuuri­pää­kaupunki­vuotta - Mun Oulu,Mun Oulu,https://news.google.com/rss/articles/CBMisgFBVV95cUxOWUt4TExPZDlsQ0FYakhyc0RGcW9DS2hlQlg2aTJBVV9nWmZNT29fZEd3TFdPM0RQV0VlR3ZodjVuT21VQ1JYdDI0ZVFsdlJwV3JzZFh0LXUwTnJhVk1yRVdRaXhnbkNSbWV5UE42d2FSLWdya3JuZlIxQTl1cDFtNDVJZXhqODlZYVdvYVV5UERCdktYdFhxbXNia3dzTkkwTkVSX0V6eC1HUlhBbEd2QjVn?oc=5,35,Korkea,"rakentaa, oulu, Pohjois-Suomi",Oulu,True,True,Rakennus- & toimitilahankkeet,"Europarlamentaarikot ylistävät Oulun tapaa valmistautua kulttuuripääkaupunkivuoteen, mikä viittaa merkittäviin kehityshankkeisiin kaupungissa. Kulttuuripääkaupunkivuosi tuo tyypillisesti mukanaan myös rakennus- ja infrahankkeita.","Vaikka uutinen on luonteeltaan kulttuuripainotteinen, 'rakentaa' -avainsana ja kulttuuripääkaupunkivuoden luonne implikoivat usein merkittäviä rakennus-, kiinteistö- ja infrahankkeita, jotka ovat relevantteja Bonnier Business Forumille Oulussa.",90
5,2026-09-29,Hotellit & hospitality,Tunnistetaan myöhemmin,resort,Tyven Resort pysyi budjetissaan ja veti matkailijoita jo kesällä – Tulevaisuudenhaaveissa miljoonan liikevaihto - Meän Tornionlaakso,Meän Tornionlaakso,https://news.google.com/rss/articles/CBMi1wFBVV95cUxQNzRnbTVsOUF1NEtBd0J1bktlY05kQ01VVzY2ejNRaTd5Rl8xc0ZINmxjcmR4d2dPS2lmeldWcHpGSVkzV29wVUV5akJYOU5zdWp0eE5KeWlSNjBOMVJKQS1VRjIyVDlvaGFicWM5djQ3V1B3Ri1oV0ktRWRLTHcxOVFlVVIxMEhwamhwN2NlR3hJTmhtVUQ2bVJMZXpGYjQ5Tk02a1ZxbEhuUEJJSExST1lrSEdsMjN2VXg0QUNKTTNzQW42bkhjcEdIU0p2eDMyYzZlTmNQUQ?oc=5,35,Korkea,"resort, tornio, Pohjois-Suomi",Tornio,True,True,Hotellit & hospitality,"Tyven Resort Tornionlaaksossa pysyi budjetissaan ja houkutteli matkailijoita jo kesällä, tavoitellen nyt miljoonan liikevaihtoa. Tämä kertoo matkailu- ja majoitusalan menestyksestä Pohjois-Suomessa.","Tämä uutinen on relevantti, koska se kertoo onnistuneesta hotelli- ja matkailualaan liittyvästä investoinnista ja sen liiketoiminnallisesta menestyksestä Pohjois-Suomessa, mikä osoittaa alueen potentiaalia tällä sektorilla.",100
6,2026-09-29,Rakennus- & toimitilahankkeet,Tunnistetaan myöhemmin,rakentaa,Varha rakentaa miljoonaluokan paloaseman Kemiönsaareen - ts.fi,ts.fi,https://news.google.com/rss/articles/CBMiQEFVX3lxTFBrOHYxYlUyVXV0UkZFQmQ5NnM5cUZVWXRVVzhfUXVpZGRYeXVwUUZTTWdOMnVTRm9PZVRoUlBNNEM?oc=5,33,Korkea,"rakentaa, kemi, Pohjois-Suomi",Kemi,False,False,Rakennus- & toimitilahankkeet,Varha rakentaa miljoonaluokan paloaseman Kemiönsaareen. Tämä on merkittävä julkinen rakennushanke.,"Uutinen koskee rakennushanketta, joka on sinänsä relevantti kiinteistöalalle, mutta Kemiönsaari sijaitsee Lounais-Suomessa, ei Pohjois-Suomessa. Siksi se ei ole relevantti Pohjois-Suomen markkinasignaalien kannalta.",100
7,2026-09-29,Hoiva- & yhteiskuntakiinteistöt,Tunnistetaan myöhemmin,palvelukoti,Kauppakadun hoivakotia ei tulekaan Kajaaniin – syy on tässä - Kainuun Sanomat,Kainuun Sanomat,https://news.google.com/rss/articles/CBMingFBVV95cUxPaE9rb3lrY2ZYSnJfTlBMT1pzSGlDWVlEcWhnaWp4TUszUlJzcno3NER0LVRYNEVnTVRUQU9NTi1sZC1WbHZweGxjYzNwWERCTzhyRnhWNWg0RVE1ZXl3UkdadVI4QV9HT1JjbG5xZnJRT01MZUNaV0UyNm1yV2VudDJUTEg2M0JHa1hneHZ3Uk1sdmVpVG5BN1hjNVdHdw?oc=5,33,Korkea,"kainuu, kajaani, Pohjois-Suomi",Kainuu,True,True,Hoiva- & yhteiskuntakiinteistöt,"Suunniteltua hoivakotia ei rakenneta Kajaaniin Kauppakadulle, ja syyt hankkeen peruuntumiseen on ilmoitettu. Tämä vaikuttaa Kajaanin sosiaalikiinteistöjen kehityssuunnitelmiin.","Uutinen on relevantti, koska se kertoo tärkeän sosiaalikiinteistöhankkeen peruuntumisesta Kajaanissa, Kainuussa. Tämä antaa tietoa Pohjois-Suomen alueen kiinteistökehityksen haasteista tai muutoksista.",100
8,2026-09-29,Investoinnit & transaktiot,Tunnistetaan myöhemmin,sijoitus,Onko energiakorjausten tukeminen kannattava sijoitus? - STT Info,STT Info,https://news.google.com/rss/articles/CBMivgFBVV95cUxNYzBMZnNETDVJemFPVDZ3Z2JHSWNXLV9DNUVKbUhReWg5eHU3MkZSYW5TUWhjMkE2VUhKa0FLZXlUMkVVc2ZKQy1LdW1ZRlBBZVVuVVA3TFIxbVVCR1kxdEIwZUZ1Ny15cXpPeUNlcUt1UGNzSjg2X2FRbTJGaWFYTi1SRW50Qng2ZzIyU3VVQ215SzhheTNfcDd5RGljNkdnVDY2ZDVQdGNDNjVaQzAwSEhuOWZXZmVZbng3ZUtR?oc=5,31,Korkea,"sijoitus, kemi, Pohjois-Suomi",Kemi,False,False,Investoinnit & transaktiot,Artikkeli pohtii energiakorjausten tukemisen kannattavuutta sijoituksena. Se käsittelee yleistä taloudellista kysymystä vihreiden investointien hyödyistä.,"Vaikka energiakorjaukset ja sijoitukset ovat yleisesti relevantteja BBF:lle, tämä uutinen on luonteeltaan yleinen kysymys eikä liity mihinkään tiettyyn hankkeeseen tai alueeseen Pohjois-Suomessa. Siksi se ei tarjoa alueellisia markkinasignaaleja.",95
9,2026-09-29,Nimitykset & organisaatiomuutokset,Tunnistetaan myöhemmin,nimitetty toimitusjohtajaksi,Jon Lind on nimitetty Terratechin ja Steelwristin uudeksi toimitusjohtajaksi - Konepörssi.com,Konepörssi.com,https://news.google.com/rss/articles/CBMisgFBVV95cUxQeXZxR3BhNHFVZ1EwZnV2WDRiaEppWkRPTzQ5WHNqTDMwZmdDN0pXUS1yQnl3T1FMczMxNGdka0FxaXg3UVBBZXpsZUc4VlI2d29BSGRjdUxKcUo4ZFNqQkt0QURXRm12RWk5cjlmV1dfQlIydGFLa1lrcHBPRXRnZnF3aDFnRTc2cEs0cGtWdGdYOUJVdnFxaFRGV3dkOU9KWm5yRmpaX0hDeDE3ZjhydGpR?oc=5,31,Korkea,"toimitusjohtaja, nimitetty, johtaja",Ei tunnistettu,False,False,Nimitykset & organisaatiomuutokset,Jon Lind on nimitetty Terratechin ja Steelwristin uudeksi toimitusjohtajaksi. Kyseessä on johtajuusmuutos kahdessa konealan yrityksessä.,"Toimitusjohtajan nimitys on tyypillisesti sisäinen organisaatiomuutos, joka ei suoraan liity Bonnier Business Forumin keskeisiin teemoihin kuten kiinteistökehitykseen, suuriin investointeihin tai rakennushankkeisiin. Lisäksi uutisessa ei ole mainintaa Pohjois-Suomesta.",95
